student_id,department,year_of_study,gpa,midterm_score,attendance_percentage,library_checkout_count,canteen_peak_visit_time,campus_wifi_hours_night,assignment_submit_delay_hours,lab_attendance_8am
STU2026001,Computer Science,1,8.69,91.3,65.5,20,12:30-13:30,1.5,12.3,73.0
STU2026002,Computer Science,1,6.44,67.9,76.7,9,12:30-13:30,0.7,13.4,75.8
STU2026003,Mechanical Eng,1,8.76,84.1,61.9,5,13:30-14:30,3.5,-43.1,78.1
STU2026004,Computer Science,3,9.14,63.8,81.0,27,14:30-15:30,6.1,-43.8,55.5
STU2026005,Mechanical Eng,3,7.98,77.5,85.3,9,11:30-12:30,0.8,-2.1,76.6
STU2026006,Civil Eng,3,7.45,78.1,90.9,23,13:30-14:30,1.6,-13.7,80.3
STU2026007,Information Tech,2,7.8,45.2,65.5,22,12:30-13:30,3.7,23.1,39.4
STU2026008,Computer Science,2,9.03,97.2,89.6,37,12:30-13:30,3.3,7.9,71.9
STU2026009,Civil Eng,4,9.3,97.3,82.6,25,12:30-13:30,1.5,19.0,74.0
STU2026010,Information Tech,4,7.06,75.5,97.9,6,13:30-14:30,1.5,-14.7,84.3
STU2026011,Civil Eng,1,7.15,44.6,80.6,23,14:30-15:30,3.8,-9.8,38.8
STU2026012,Information Tech,3,8.8,81.3,69.6,38,13:30-14:30,2.6,-34.0,74.6
STU2026013,Information Tech,2,7.68,50.3,59.6,26,11:30-12:30,4.9,-7.6,59.5
STU2026014,Information Tech,1,8.08,89.0,76.0,9,13:30-14:30,1.3,-44.9,80.5
STU2026015,Information Tech,1,5.87,64.0,75.9,17,11:30-12:30,1.0,2.2,92.1
STU2026016,Electronics & Comm,3,7.77,47.5,81.1,24,12:30-13:30,7.3,7.8,62.5
STU2026017,Mechanical Eng,4,9.37,87.1,74.4,20,12:30-13:30,2.2,4.0,71.9
STU2026018,Computer Science,1,6.48,43.0,93.9,8,12:30-13:30,6.5,17.1,32.5
STU2026019,Information Tech,4,6.54,69.0,75.3,15,12:30-13:30,3.3,14.1,72.7
STU2026020,Computer Science,1,5.76,36.8,86.3,6,12:30-13:30,6.1,12.3,33.8
STU2026021,Mechanical Eng,4,6.57,39.2,94.7,19,11:30-12:30,3.6,-3.7,60.1
STU2026022,Computer Science,2,6.22,56.8,75.9,27,12:30-13:30,2.0,5.9,81.6
STU2026023,Civil Eng,3,7.32,43.8,96.2,11,11:30-12:30,7.5,-36.5,49.5
STU2026024,Computer Science,1,8.72,55.0,57.5,18,11:30-12:30,4.6,-43.8,47.6
STU2026025,Electronics & Comm,1,8.06,87.3,84.0,21,12:30-13:30,2.1,-3.4,73.5
STU2026026,Computer Science,4,8.33,86.7,79.3,10,12:30-13:30,2.7,11.2,77.6
STU2026027,Mechanical Eng,4,6.86,77.2,87.3,4,14:30-15:30,1.0,-19.5,83.3
STU2026028,Information Tech,3,6.07,58.8,70.0,32,12:30-13:30,1.0,23.8,77.1
STU2026029,Information Tech,1,8.37,51.3,78.8,5,12:30-13:30,7.0,25.4,33.6
STU2026030,Electronics & Comm,3,6.71,73.6,64.1,10,12:30-13:30,2.9,32.1,89.9
STU2026031,Computer Science,1,8.23,77.6,90.7,7,14:30-15:30,0.8,-8.7,79.7
STU2026032,Information Tech,4,7.91,57.9,59.8,13,11:30-12:30,7.1,-17.1,54.2
STU2026033,Electronics & Comm,4,6.05,35.0,68.3,8,13:30-14:30,6.8,-11.9,57.9
STU2026034,Computer Science,3,8.85,84.0,93.0,42,14:30-15:30,3.3,-39.4,88.0
STU2026035,Electronics & Comm,4,5.61,62.0,86.7,9,13:30-14:30,2.8,-33.9,97.0
STU2026036,Computer Science,4,9.25,92.6,91.9,9,12:30-13:30,2.1,4.1,93.7
STU2026037,Electronics & Comm,4,6.91,41.0,92.2,19,12:30-13:30,7.3,8.6,39.8
STU2026038,Computer Science,1,9.27,72.5,66.2,13,12:30-13:30,4.6,24.9,64.4
STU2026039,Mechanical Eng,4,8.11,78.3,77.0,2,13:30-14:30,3.2,-20.4,86.7
STU2026040,Information Tech,2,7.07,47.5,58.0,38,13:30-14:30,5.1,-0.3,41.6
STU2026041,Information Tech,3,8.37,61.6,69.0,27,12:30-13:30,5.4,22.8,49.4
STU2026042,Electronics & Comm,3,7.25,77.8,90.9,12,12:30-13:30,2.6,14.1,76.1
STU2026043,Civil Eng,2,7.7,48.3,89.1,23,12:30-13:30,7.2,21.0,55.8
STU2026044,Mechanical Eng,1,9.02,67.7,87.3,9,11:30-12:30,5.2,4.1,37.9
STU2026045,Information Tech,1,7.46,50.1,93.1,6,12:30-13:30,4.5,21.9,55.1
STU2026046,Computer Science,1,8.85,62.1,64.4,5,12:30-13:30,6.1,13.7,54.4
STU2026047,Civil Eng,3,9.59,68.5,93.3,19,13:30-14:30,4.8,-24.4,55.2
STU2026048,Electronics & Comm,4,7.44,44.0,87.3,9,12:30-13:30,6.4,6.3,39.7
STU2026049,Computer Science,3,6.51,44.6,69.4,19,12:30-13:30,6.8,24.0,32.8
STU2026050,Computer Science,4,7.25,72.4,78.3,20,14:30-15:30,3.4,2.1,76.0
STU2026051,Computer Science,4,7.55,82.4,95.5,19,13:30-14:30,2.6,-8.4,81.3
STU2026052,Information Tech,2,7.6,47.2,66.7,38,13:30-14:30,3.9,-39.3,43.6
STU2026053,Civil Eng,2,9.72,67.4,78.0,15,11:30-12:30,6.8,-40.8,50.7
STU2026054,Civil Eng,2,5.72,62.5,71.3,15,12:30-13:30,2.0,5.3,79.5
STU2026055,Computer Science,4,5.58,35.0,78.2,22,13:30-14:30,7.5,-45.9,42.2
STU2026056,Computer Science,2,6.36,67.4,55.9,21,12:30-13:30,1.6,14.1,73.7
STU2026057,Mechanical Eng,3,6.22,35.0,81.1,5,14:30-15:30,5.7,-17.3,34.0
STU2026058,Mechanical Eng,4,7.21,75.1,85.7,11,11:30-12:30,1.0,-2.9,90.0
STU2026059,Information Tech,1,8.92,92.3,79.3,22,11:30-12:30,0.8,-29.9,85.4
STU2026060,Civil Eng,4,5.95,35.0,96.3,25,12:30-13:30,4.9,16.4,59.0
STU2026061,Mechanical Eng,4,7.5,52.6,90.5,10,14:30-15:30,4.6,-1.3,41.3
STU2026062,Electronics & Comm,4,7.95,77.8,83.7,13,12:30-13:30,2.9,27.7,84.3
STU2026063,Mechanical Eng,3,9.29,100.0,85.2,25,11:30-12:30,2.4,-26.5,70.3
STU2026064,Information Tech,2,8.47,64.1,82.8,37,12:30-13:30,3.9,5.0,57.8
STU2026065,Information Tech,3,7.54,73.9,77.8,23,13:30-14:30,3.5,-31.7,91.6
STU2026066,Electronics & Comm,1,8.6,56.3,68.6,25,11:30-12:30,5.7,-22.3,63.3
STU2026067,Information Tech,3,9.72,94.8,90.8,19,13:30-14:30,2.6,-33.5,80.5
STU2026068,Computer Science,3,8.5,52.7,60.4,30,12:30-13:30,6.6,14.6,47.2
STU2026069,Mechanical Eng,2,9.65,75.7,65.9,20,12:30-13:30,6.5,20.8,34.0
STU2026070,Computer Science,2,6.14,56.9,79.2,34,13:30-14:30,2.6,-16.4,98.8
STU2026071,Information Tech,2,8.84,60.2,71.4,33,12:30-13:30,6.9,20.5,40.4
STU2026072,Information Tech,1,9.57,91.1,63.9,4,11:30-12:30,2.0,-39.7,89.2
STU2026073,Civil Eng,4,8.46,82.1,75.2,4,13:30-14:30,0.7,-11.6,78.4
STU2026074,Mechanical Eng,2,7.33,42.2,78.4,7,11:30-12:30,5.0,-6.0,61.8
STU2026075,Information Tech,3,7.39,71.5,75.2,29,12:30-13:30,2.6,-1.7,81.7
STU2026076,Computer Science,4,8.66,90.0,81.0,20,13:30-14:30,0.7,2.4,76.6
STU2026077,Mechanical Eng,1,8.78,64.2,62.5,15,14:30-15:30,4.1,-14.4,45.5
STU2026078,Civil Eng,1,7.52,71.1,72.6,17,12:30-13:30,2.7,6.8,73.0
STU2026079,Civil Eng,1,7.46,74.2,68.5,2,12:30-13:30,2.8,22.0,98.1
STU2026080,Information Tech,4,7.28,75.7,63.1,8,13:30-14:30,3.0,-33.8,91.9
STU2026081,Electronics & Comm,3,7.38,76.5,85.0,7,12:30-13:30,1.3,7.7,98.2
STU2026082,Computer Science,4,5.9,39.3,97.7,17,13:30-14:30,6.9,1.4,46.2
STU2026083,Mechanical Eng,3,7.29,52.1,75.7,21,11:30-12:30,3.8,-21.1,46.0
STU2026084,Electronics & Comm,1,6.69,68.2,89.0,11,13:30-14:30,3.4,-9.5,97.1
STU2026085,Information Tech,4,9.22,61.1,74.2,12,12:30-13:30,3.9,30.7,41.6
STU2026086,Electronics & Comm,4,6.5,69.3,88.3,14,13:30-14:30,0.8,4.4,91.6
STU2026087,Electronics & Comm,4,9.65,75.2,60.4,5,13:30-14:30,7.3,-20.1,41.6
STU2026088,Civil Eng,1,8.61,59.8,72.6,12,14:30-15:30,5.1,-15.0,35.4
STU2026089,Civil Eng,1,9.16,67.3,91.7,17,13:30-14:30,6.5,-1.8,43.3
STU2026090,Computer Science,1,6.51,60.2,84.4,22,14:30-15:30,2.5,-10.7,76.6
STU2026091,Computer Science,4,6.22,56.8,67.9,15,12:30-13:30,0.7,1.0,79.4
STU2026092,Information Tech,4,7.93,85.8,89.1,9,12:30-13:30,1.7,15.4,72.3
STU2026093,Information Tech,2,6.5,35.0,82.4,24,12:30-13:30,3.7,22.8,53.3
STU2026094,Electronics & Comm,1,7.4,48.9,69.9,11,12:30-13:30,4.6,3.2,52.4
STU2026095,Civil Eng,4,5.96,63.9,71.4,23,11:30-12:30,3.0,-27.0,78.6
STU2026096,Computer Science,1,9.42,62.9,87.0,13,12:30-13:30,6.3,4.0,61.6
STU2026097,Electronics & Comm,3,8.41,55.5,86.0,22,14:30-15:30,5.1,-45.9,59.3
STU2026098,Civil Eng,1,7.99,84.5,86.5,6,11:30-12:30,1.1,-6.3,78.6
STU2026099,Mechanical Eng,3,9.07,59.1,66.0,12,13:30-14:30,6.3,-5.4,46.9
STU2026100,Civil Eng,1,6.11,35.0,96.6,19,14:30-15:30,6.5,-28.6,55.3
STU2026101,Civil Eng,1,6.64,64.0,60.3,22,12:30-13:30,3.1,33.6,91.7
STU2026102,Computer Science,2,7.53,47.4,81.6,35,12:30-13:30,7.1,28.8,41.5
STU2026103,Mechanical Eng,4,6.0,55.5,56.9,19,12:30-13:30,0.8,0.6,98.9
STU2026104,Civil Eng,3,8.38,53.5,87.0,15,11:30-12:30,7.1,-13.3,44.7
STU2026105,Civil Eng,4,9.54,69.0,67.0,13,12:30-13:30,5.3,-0.9,37.6
STU2026106,Mechanical Eng,3,5.76,35.0,66.9,8,11:30-12:30,7.3,-14.0,63.2
STU2026107,Information Tech,1,5.72,36.3,69.3,19,13:30-14:30,7.4,-37.0,57.5
STU2026108,Electronics & Comm,2,6.91,37.8,61.3,6,11:30-12:30,6.8,-19.4,30.1
STU2026109,Electronics & Comm,1,8.34,80.3,56.1,7,12:30-13:30,0.6,5.9,92.9
STU2026110,Electronics & Comm,4,7.76,51.0,87.1,18,11:30-12:30,3.8,-36.3,57.2
STU2026111,Information Tech,1,8.63,57.3,94.1,17,11:30-12:30,5.1,-3.1,40.6
STU2026112,Civil Eng,1,7.61,78.7,94.1,10,11:30-12:30,1.0,-14.9,72.3
STU2026113,Information Tech,3,7.14,71.4,80.7,18,13:30-14:30,2.6,-2.8,84.7
STU2026114,Information Tech,2,7.35,73.0,93.2,25,13:30-14:30,3.4,-25.4,94.0
STU2026115,Mechanical Eng,3,9.6,74.9,84.5,25,12:30-13:30,3.8,25.3,33.2
STU2026116,Electronics & Comm,1,8.02,78.9,79.1,15,12:30-13:30,2.8,30.6,73.5
STU2026117,Computer Science,3,8.08,51.9,70.1,18,12:30-13:30,4.5,9.4,37.4
STU2026118,Information Tech,3,5.99,62.1,67.0,34,13:30-14:30,2.1,-15.5,82.4
STU2026119,Information Tech,1,8.12,58.0,83.3,12,13:30-14:30,5.4,-29.4,31.0
STU2026120,Electronics & Comm,2,7.94,73.3,72.2,8,13:30-14:30,1.5,-28.1,88.4
STU2026121,Civil Eng,3,6.18,64.5,68.4,6,13:30-14:30,2.8,-39.7,97.3
STU2026122,Information Tech,1,8.4,58.2,66.7,18,12:30-13:30,5.1,-0.3,47.0
STU2026123,Civil Eng,1,6.72,48.2,84.2,21,12:30-13:30,3.9,-2.8,53.3
STU2026124,Electronics & Comm,3,9.56,74.0,88.0,15,12:30-13:30,5.8,2.2,40.1
STU2026125,Civil Eng,2,7.65,44.7,90.8,2,11:30-12:30,6.1,-23.6,32.5
STU2026126,Computer Science,3,7.98,59.1,79.7,25,11:30-12:30,5.5,-38.9,44.6
STU2026127,Information Tech,4,9.08,87.6,94.6,18,12:30-13:30,1.1,-1.8,94.5
STU2026128,Mechanical Eng,3,6.45,66.2,88.5,13,11:30-12:30,1.0,-29.4,88.4
STU2026129,Electronics & Comm,2,5.94,64.6,66.0,22,11:30-12:30,1.7,-21.8,74.4
STU2026130,Information Tech,4,8.43,60.2,92.9,12,14:30-15:30,5.0,-40.0,64.5
STU2026131,Computer Science,4,7.4,75.1,68.0,16,12:30-13:30,2.4,-3.5,71.6
STU2026132,Mechanical Eng,3,5.83,35.0,92.2,19,12:30-13:30,6.5,34.1,51.5
STU2026133,Computer Science,4,9.41,94.7,79.6,16,14:30-15:30,1.8,-42.5,87.5
STU2026134,Mechanical Eng,1,7.67,76.8,62.4,7,12:30-13:30,2.2,9.9,82.7
STU2026135,Mechanical Eng,4,7.26,44.3,69.5,5,11:30-12:30,4.7,-18.4,57.6
STU2026136,Civil Eng,3,6.58,45.3,91.6,23,11:30-12:30,7.3,-40.5,51.1
STU2026137,Mechanical Eng,3,9.66,100.0,85.0,14,12:30-13:30,3.2,21.4,87.3
STU2026138,Mechanical Eng,2,8.38,56.7,90.6,15,12:30-13:30,5.7,15.8,54.0
STU2026139,Computer Science,3,6.83,64.8,95.9,19,14:30-15:30,2.9,-43.9,92.2
STU2026140,Computer Science,1,8.35,62.0,92.7,24,11:30-12:30,4.8,-7.1,50.9
STU2026141,Electronics & Comm,4,5.69,35.0,70.7,16,13:30-14:30,5.5,-35.6,63.9
STU2026142,Electronics & Comm,3,9.65,66.5,88.7,16,12:30-13:30,6.8,13.9,36.8
STU2026143,Mechanical Eng,4,7.66,79.1,73.0,3,13:30-14:30,1.6,-14.0,75.8
STU2026144,Mechanical Eng,1,8.56,81.3,77.2,18,12:30-13:30,1.4,1.0,72.4
STU2026145,Civil Eng,1,9.57,75.5,64.5,18,11:30-12:30,3.7,-28.2,42.2
STU2026146,Civil Eng,1,7.11,42.8,56.2,6,13:30-14:30,7.0,-46.0,59.4
STU2026147,Civil Eng,2,8.76,67.9,75.2,6,12:30-13:30,4.8,17.5,61.7
STU2026148,Information Tech,4,5.98,59.9,67.4,16,13:30-14:30,2.6,-44.7,71.4
STU2026149,Civil Eng,1,8.22,63.1,79.7,20,12:30-13:30,5.5,12.1,40.2
STU2026150,Computer Science,3,5.79,35.0,77.6,30,12:30-13:30,4.1,-3.2,64.6
STU2026151,Civil Eng,3,6.59,36.6,55.7,20,12:30-13:30,6.0,25.1,42.1
STU2026152,Mechanical Eng,2,5.69,35.0,78.5,24,12:30-13:30,6.2,14.6,36.1
STU2026153,Electronics & Comm,2,5.77,39.2,88.4,3,11:30-12:30,3.7,-31.3,40.3
STU2026154,Mechanical Eng,4,9.75,93.4,78.4,3,12:30-13:30,2.3,30.5,91.8
STU2026155,Mechanical Eng,3,6.04,35.0,70.8,7,12:30-13:30,6.7,15.3,56.0
STU2026156,Civil Eng,3,9.47,73.8,77.3,7,12:30-13:30,6.1,17.4,55.4
STU2026157,Mechanical Eng,1,5.84,58.6,83.4,13,12:30-13:30,2.6,13.3,87.5
STU2026158,Mechanical Eng,4,6.68,38.9,97.1,25,12:30-13:30,7.1,22.9,32.6
STU2026159,Computer Science,2,9.15,68.4,84.2,26,12:30-13:30,3.6,10.7,34.4
STU2026160,Information Tech,1,8.1,50.5,84.2,18,12:30-13:30,7.1,10.0,43.0
STU2026161,Mechanical Eng,3,6.57,41.6,59.9,10,12:30-13:30,5.6,26.8,47.5
STU2026162,Civil Eng,2,9.78,76.1,67.3,16,13:30-14:30,6.9,-38.8,47.2
STU2026163,Civil Eng,1,8.99,59.8,96.6,11,12:30-13:30,7.4,31.5,53.4
STU2026164,Electronics & Comm,2,8.91,84.4,76.9,2,13:30-14:30,1.3,-28.9,75.8
STU2026165,Information Tech,3,7.51,69.6,97.3,37,12:30-13:30,1.4,24.5,95.6
STU2026166,Information Tech,4,8.81,91.0,90.4,23,12:30-13:30,1.0,16.2,98.2
STU2026167,Electronics & Comm,2,8.8,56.1,60.5,11,12:30-13:30,4.0,1.8,60.4
STU2026168,Mechanical Eng,2,6.99,47.6,95.5,19,12:30-13:30,6.8,6.3,59.6
STU2026169,Mechanical Eng,1,7.66,47.9,62.3,21,13:30-14:30,7.1,-30.1,35.4
STU2026170,Information Tech,1,9.05,92.3,56.2,20,12:30-13:30,0.8,12.1,88.6
STU2026171,Computer Science,4,9.32,69.9,78.5,14,13:30-14:30,5.0,-32.2,40.6
STU2026172,Computer Science,1,6.18,41.6,72.9,12,13:30-14:30,3.8,-9.1,41.9
STU2026173,Mechanical Eng,4,6.06,35.6,70.9,9,12:30-13:30,4.4,0.8,41.2
STU2026174,Computer Science,3,9.57,100.0,92.2,44,13:30-14:30,3.4,-17.4,97.9
STU2026175,Mechanical Eng,2,8.78,63.8,76.4,14,11:30-12:30,4.1,-21.2,47.5
STU2026176,Electronics & Comm,2,8.01,86.1,57.1,11,12:30-13:30,2.5,17.0,87.3
STU2026177,Computer Science,4,6.08,55.3,66.4,19,11:30-12:30,3.1,-37.7,81.7
STU2026178,Information Tech,3,5.82,35.0,76.7,18,12:30-13:30,5.9,0.3,39.8
STU2026179,Computer Science,4,7.1,50.3,97.4,14,12:30-13:30,4.4,15.5,42.8
STU2026180,Computer Science,1,6.09,35.0,69.3,12,12:30-13:30,3.8,33.2,46.0
STU2026181,Mechanical Eng,2,7.19,45.7,81.5,17,12:30-13:30,6.4,24.1,50.8
STU2026182,Mechanical Eng,4,9.01,61.8,70.8,25,13:30-14:30,5.2,-1.8,64.3
STU2026183,Computer Science,4,6.64,44.7,83.2,17,11:30-12:30,7.3,-39.0,50.2
STU2026184,Information Tech,4,6.14,56.8,84.3,12,11:30-12:30,0.7,-25.8,97.5
STU2026185,Civil Eng,2,7.26,42.9,88.3,6,11:30-12:30,6.9,-20.5,60.5
STU2026186,Information Tech,3,9.79,97.8,75.6,32,12:30-13:30,3.1,9.5,97.7
STU2026187,Mechanical Eng,4,6.33,35.0,65.6,11,12:30-13:30,4.4,23.9,37.9
STU2026188,Civil Eng,3,7.56,52.5,79.1,19,12:30-13:30,7.0,10.6,55.3
STU2026189,Civil Eng,3,9.6,99.8,89.6,16,12:30-13:30,2.5,21.9,78.3
STU2026190,Civil Eng,2,6.37,43.5,78.2,20,12:30-13:30,7.0,4.8,54.4
STU2026191,Computer Science,2,8.24,77.3,57.3,15,13:30-14:30,3.4,3.1,90.8
STU2026192,Electronics & Comm,4,8.31,52.6,92.9,11,12:30-13:30,3.8,21.5,52.8
STU2026193,Computer Science,2,7.8,56.5,86.1,20,13:30-14:30,7.1,1.5,62.0
STU2026194,Computer Science,4,8.89,65.1,63.0,11,11:30-12:30,5.7,-17.9,60.5
STU2026195,Computer Science,3,6.72,35.0,97.5,29,13:30-14:30,4.3,-33.5,47.3
STU2026196,Computer Science,3,6.2,66.8,74.7,33,13:30-14:30,2.3,-12.3,75.4
STU2026197,Electronics & Comm,2,8.13,79.6,82.5,5,12:30-13:30,3.3,2.6,82.4
STU2026198,Electronics & Comm,4,6.89,73.8,65.7,11,14:30-15:30,2.3,-17.1,76.8
STU2026199,Information Tech,1,6.62,66.9,70.5,23,11:30-12:30,2.2,-21.4,89.4
STU2026200,Mechanical Eng,1,8.25,90.2,95.4,16,12:30-13:30,3.1,25.7,76.4
STU2026201,Information Tech,3,7.29,44.3,78.6,22,12:30-13:30,3.8,22.9,48.8
STU2026202,Information Tech,1,7.76,72.7,77.7,18,13:30-14:30,3.0,-37.3,96.6
STU2026203,Information Tech,2,6.21,35.0,91.7,43,12:30-13:30,3.6,15.9,53.8
STU2026204,Computer Science,4,6.07,35.0,72.9,2,12:30-13:30,4.4,11.2,49.6
STU2026205,Computer Science,2,7.99,88.2,56.9,17,14:30-15:30,2.9,4.3,71.8
STU2026206,Civil Eng,1,6.73,71.9,62.7,13,14:30-15:30,1.4,4.6,88.6
STU2026207,Civil Eng,4,9.24,95.5,94.0,22,12:30-13:30,3.1,30.3,89.8
STU2026208,Computer Science,2,9.77,100.0,71.9,24,13:30-14:30,1.4,-23.5,98.4
STU2026209,Information Tech,4,7.79,75.5,90.4,25,14:30-15:30,2.2,-7.4,80.0
STU2026210,Computer Science,4,8.14,61.3,95.3,16,12:30-13:30,6.7,19.5,38.4
STU2026211,Computer Science,2,8.68,93.0,72.3,31,11:30-12:30,2.1,4.7,76.3
STU2026212,Electronics & Comm,3,7.98,47.7,88.2,18,14:30-15:30,6.2,-36.3,38.3
STU2026213,Mechanical Eng,3,5.76,35.0,95.8,17,12:30-13:30,6.7,-3.1,61.9
STU2026214,Mechanical Eng,4,8.88,87.7,68.7,17,13:30-14:30,3.4,-35.2,74.3
STU2026215,Electronics & Comm,3,9.19,66.1,61.2,18,12:30-13:30,3.7,0.5,32.0
STU2026216,Electronics & Comm,3,6.37,44.1,82.8,8,13:30-14:30,7.0,-45.3,59.6
STU2026217,Civil Eng,1,9.26,64.6,63.1,12,12:30-13:30,5.8,7.4,55.4
STU2026218,Computer Science,2,9.53,95.6,96.4,34,12:30-13:30,1.3,23.9,99.0
STU2026219,Civil Eng,2,7.87,77.5,88.3,18,12:30-13:30,3.2,31.2,85.5
STU2026220,Civil Eng,1,8.95,67.0,86.1,3,12:30-13:30,5.8,18.1,41.2
STU2026221,Electronics & Comm,2,5.57,35.0,78.8,9,11:30-12:30,4.6,-27.9,55.2
STU2026222,Electronics & Comm,4,7.87,79.5,95.6,25,13:30-14:30,2.9,-22.0,92.1
STU2026223,Electronics & Comm,3,6.23,36.1,86.0,3,12:30-13:30,3.9,16.5,62.1
STU2026224,Computer Science,1,8.79,57.9,72.7,18,11:30-12:30,6.4,-23.8,38.1
STU2026225,Computer Science,4,8.33,63.9,55.7,19,13:30-14:30,4.2,3.8,44.4
STU2026226,Computer Science,4,8.97,85.1,94.1,18,11:30-12:30,1.2,-34.6,72.8
STU2026227,Mechanical Eng,3,8.92,66.1,58.4,11,12:30-13:30,7.2,23.0,46.1
STU2026228,Computer Science,1,5.9,40.9,71.3,17,11:30-12:30,4.4,-3.2,32.0
STU2026229,Mechanical Eng,1,9.35,97.0,94.5,10,12:30-13:30,2.1,-3.1,96.1
STU2026230,Computer Science,3,9.37,91.5,79.2,33,14:30-15:30,0.7,-40.4,96.9
STU2026231,Civil Eng,1,6.79,39.3,79.3,14,12:30-13:30,4.5,26.0,59.7
STU2026232,Electronics & Comm,1,7.65,82.6,96.9,21,12:30-13:30,0.9,34.1,82.7
STU2026233,Civil Eng,3,5.63,35.0,66.8,15,14:30-15:30,7.4,-38.2,47.2
STU2026234,Information Tech,4,5.87,39.5,81.6,24,11:30-12:30,6.1,-6.5,55.0
STU2026235,Electronics & Comm,4,6.86,67.6,59.6,6,12:30-13:30,0.5,-1.4,78.9
STU2026236,Civil Eng,4,7.9,80.7,77.0,12,12:30-13:30,1.2,30.4,72.6
STU2026237,Computer Science,3,7.28,39.3,88.5,31,12:30-13:30,5.6,2.0,49.6
STU2026238,Civil Eng,2,6.1,36.4,67.9,17,12:30-13:30,4.0,27.1,32.2
STU2026239,Mechanical Eng,3,9.56,69.0,86.0,2,11:30-12:30,4.0,2.3,51.6
STU2026240,Mechanical Eng,4,8.96,95.7,69.2,6,14:30-15:30,2.8,-32.1,93.6
STU2026241,Information Tech,2,7.56,80.1,62.6,45,12:30-13:30,3.3,18.6,79.3
STU2026242,Electronics & Comm,3,7.12,73.2,90.1,19,12:30-13:30,3.3,2.4,73.3
STU2026243,Information Tech,1,9.6,71.8,74.8,15,12:30-13:30,5.5,22.6,45.3
STU2026244,Electronics & Comm,3,6.54,46.0,83.3,17,14:30-15:30,5.5,-17.1,57.6
STU2026245,Information Tech,4,7.84,79.9,89.0,4,12:30-13:30,3.0,-0.5,96.0
STU2026246,Electronics & Comm,3,6.22,35.0,81.3,12,14:30-15:30,4.4,3.2,52.6
STU2026247,Civil Eng,1,5.55,35.0,66.1,16,12:30-13:30,4.1,10.3,48.2
STU2026248,Civil Eng,2,6.98,77.8,56.1,25,11:30-12:30,1.2,-40.5,82.1
STU2026249,Mechanical Eng,3,7.46,49.3,63.9,12,12:30-13:30,3.9,-2.2,46.7
STU2026250,Computer Science,1,5.6,63.8,69.8,18,13:30-14:30,1.3,-38.8,93.2
STU2026251,Electronics & Comm,3,7.91,75.3,96.2,15,12:30-13:30,2.1,11.2,81.7
STU2026252,Information Tech,2,7.43,72.0,73.5,40,13:30-14:30,0.5,-44.7,76.2
STU2026253,Computer Science,2,7.07,71.6,63.5,25,14:30-15:30,1.3,-16.4,89.5
STU2026254,Information Tech,4,8.02,49.0,70.0,11,13:30-14:30,6.4,0.7,51.6
STU2026255,Information Tech,1,8.39,82.8,68.5,14,11:30-12:30,2.2,-25.8,73.4
STU2026256,Electronics & Comm,4,7.32,40.6,75.9,7,11:30-12:30,4.3,-22.0,62.2
STU2026257,Electronics & Comm,2,6.85,62.3,74.4,14,11:30-12:30,0.9,3.1,80.4
STU2026258,Information Tech,4,7.26,51.5,76.1,9,12:30-13:30,5.5,7.0,45.5
STU2026259,Mechanical Eng,2,7.81,47.7,62.2,5,12:30-13:30,3.7,18.5,56.0
STU2026260,Mechanical Eng,3,7.83,56.1,87.5,25,12:30-13:30,5.8,29.0,45.4
STU2026261,Electronics & Comm,3,9.26,87.1,56.4,5,13:30-14:30,2.3,-6.9,95.0
STU2026262,Electronics & Comm,2,8.99,92.6,80.3,6,11:30-12:30,3.0,-6.4,90.6
STU2026263,Electronics & Comm,1,7.95,45.8,77.9,20,12:30-13:30,4.7,6.0,35.9
STU2026264,Information Tech,1,6.08,58.7,87.3,24,12:30-13:30,3.4,30.5,71.7
STU2026265,Electronics & Comm,2,8.56,59.0,90.6,10,12:30-13:30,5.8,20.7,53.7
STU2026266,Civil Eng,4,5.82,35.0,89.2,13,12:30-13:30,5.9,13.6,44.1
STU2026267,Civil Eng,3,8.0,46.4,92.4,24,12:30-13:30,6.4,9.7,33.3
STU2026268,Computer Science,4,6.44,70.5,73.5,20,12:30-13:30,2.0,0.4,77.8
STU2026269,Civil Eng,3,9.34,99.1,87.8,7,11:30-12:30,0.8,-24.6,88.2
STU2026270,Computer Science,4,6.37,59.8,84.6,10,14:30-15:30,1.4,-43.1,88.8
STU2026271,Mechanical Eng,3,5.85,35.0,83.6,9,13:30-14:30,5.0,-25.3,31.8
STU2026272,Computer Science,1,5.5,59.1,75.5,24,11:30-12:30,1.4,-29.8,76.6
STU2026273,Computer Science,4,8.48,90.2,75.5,13,11:30-12:30,2.1,-1.3,72.6
STU2026274,Electronics & Comm,4,8.83,83.7,87.4,2,12:30-13:30,1.4,20.0,98.8
STU2026275,Electronics & Comm,4,7.01,42.4,64.2,8,12:30-13:30,5.7,-1.4,62.2
STU2026276,Computer Science,2,8.74,85.4,80.4,23,11:30-12:30,3.2,-13.8,97.9
STU2026277,Electronics & Comm,3,8.85,64.6,84.7,18,12:30-13:30,6.4,2.7,53.0
STU2026278,Civil Eng,3,8.28,57.9,88.7,22,12:30-13:30,6.1,19.4,38.4
STU2026279,Information Tech,1,9.74,99.0,95.2,23,12:30-13:30,1.4,2.1,95.0
STU2026280,Civil Eng,1,5.57,50.5,57.9,18,13:30-14:30,2.3,-32.8,71.2
STU2026281,Information Tech,4,7.32,52.2,72.3,4,11:30-12:30,5.0,-20.9,48.8
STU2026282,Electronics & Comm,2,7.81,49.0,71.8,24,11:30-12:30,4.9,-24.8,59.2
STU2026283,Electronics & Comm,1,6.55,60.0,94.8,23,12:30-13:30,1.3,25.4,87.8
STU2026284,Computer Science,1,8.54,86.5,85.2,25,13:30-14:30,1.6,-34.3,97.6
STU2026285,Mechanical Eng,2,8.72,54.3,92.6,15,12:30-13:30,5.6,6.2,34.1
STU2026286,Computer Science,3,8.56,84.3,79.8,33,12:30-13:30,1.0,1.8,83.2
STU2026287,Electronics & Comm,3,8.83,57.8,93.5,2,11:30-12:30,5.2,-35.0,34.0
STU2026288,Civil Eng,3,7.15,44.6,61.5,25,14:30-15:30,7.0,-13.2,60.0
STU2026289,Electronics & Comm,3,6.57,68.0,94.4,23,11:30-12:30,2.7,-0.2,94.0
STU2026290,Electronics & Comm,2,8.96,63.1,97.2,11,12:30-13:30,7.2,8.4,32.4
STU2026291,Information Tech,4,5.53,35.0,63.6,20,12:30-13:30,4.4,34.8,40.6
STU2026292,Electronics & Comm,2,6.15,64.8,95.1,2,12:30-13:30,0.7,34.0,85.7
STU2026293,Computer Science,4,9.15,88.2,86.3,3,12:30-13:30,1.2,34.9,85.4
STU2026294,Electronics & Comm,3,5.9,35.0,94.6,25,12:30-13:30,6.8,-1.5,48.2
STU2026295,Computer Science,2,8.24,53.3,72.0,24,11:30-12:30,4.6,-34.2,32.2
STU2026296,Mechanical Eng,4,8.51,79.5,86.6,20,12:30-13:30,2.7,-0.5,77.9
STU2026297,Computer Science,2,7.43,79.4,68.5,29,12:30-13:30,1.3,5.9,80.4
STU2026298,Computer Science,1,6.18,43.1,84.5,12,13:30-14:30,6.3,-40.1,54.4
STU2026299,Electronics & Comm,3,7.2,68.2,57.1,16,14:30-15:30,2.6,-18.5,93.8
STU2026300,Information Tech,2,5.91,40.2,59.4,22,13:30-14:30,6.1,-41.1,34.3
STU2026301,Civil Eng,3,8.45,91.6,95.3,4,11:30-12:30,1.1,-37.5,87.0
STU2026302,Civil Eng,2,5.9,35.0,91.4,20,11:30-12:30,6.2,-25.0,34.3
STU2026303,Civil Eng,4,5.63,53.0,84.4,6,12:30-13:30,1.7,-3.6,76.2
STU2026304,Information Tech,2,8.28,62.3,76.5,28,12:30-13:30,6.7,3.2,46.8
STU2026305,Information Tech,2,8.21,51.3,89.5,32,12:30-13:30,6.1,27.0,64.6
STU2026306,Mechanical Eng,3,7.17,78.7,62.7,3,13:30-14:30,2.7,-5.1,76.4
STU2026307,Civil Eng,3,8.8,58.7,98.0,25,12:30-13:30,7.3,-2.7,33.5
STU2026308,Electronics & Comm,4,7.03,42.9,91.1,24,13:30-14:30,6.4,-29.0,36.2
STU2026309,Information Tech,1,8.52,51.7,70.1,17,13:30-14:30,4.5,-19.3,35.0
STU2026310,Electronics & Comm,4,5.66,35.0,57.4,21,12:30-13:30,4.7,3.3,30.7
STU2026311,Electronics & Comm,3,8.58,66.2,94.5,6,12:30-13:30,6.4,26.7,41.3
STU2026312,Information Tech,3,9.63,75.0,71.1,19,12:30-13:30,7.1,35.0,43.8
STU2026313,Civil Eng,4,8.29,49.8,62.5,9,13:30-14:30,7.3,-12.7,54.3
STU2026314,Electronics & Comm,4,6.82,76.1,84.6,14,14:30-15:30,1.4,-2.9,91.1
STU2026315,Information Tech,1,6.28,35.1,68.7,17,11:30-12:30,6.2,-40.5,51.4
STU2026316,Computer Science,2,6.99,39.1,68.7,38,12:30-13:30,5.0,31.4,63.7
STU2026317,Civil Eng,1,6.64,61.7,65.7,14,11:30-12:30,1.0,-24.8,77.4
STU2026318,Civil Eng,2,9.3,87.7,76.2,20,12:30-13:30,3.2,21.7,85.8
STU2026319,Electronics & Comm,2,7.44,71.8,89.4,12,11:30-12:30,0.7,-39.0,70.6
STU2026320,Civil Eng,2,8.65,58.3,78.5,17,12:30-13:30,6.8,23.9,33.3
STU2026321,Civil Eng,2,8.11,89.1,73.7,19,12:30-13:30,0.9,24.6,79.6
STU2026322,Information Tech,3,8.34,85.0,67.8,16,12:30-13:30,1.2,9.8,81.4
STU2026323,Civil Eng,1,6.77,48.9,83.5,11,11:30-12:30,4.7,3.8,37.0
STU2026324,Civil Eng,1,6.83,48.5,72.1,7,12:30-13:30,3.9,10.2,53.1
STU2026325,Civil Eng,3,6.3,35.0,56.9,6,12:30-13:30,3.6,25.8,39.2
STU2026326,Computer Science,1,8.37,80.4,89.8,14,11:30-12:30,3.4,-4.6,91.9
STU2026327,Civil Eng,4,7.96,85.8,65.1,20,11:30-12:30,2.6,-0.3,81.4
STU2026328,Information Tech,2,6.02,68.6,87.6,19,13:30-14:30,1.7,-45.7,98.5
STU2026329,Computer Science,4,6.37,62.2,90.4,4,13:30-14:30,1.5,-43.4,87.3
STU2026330,Information Tech,4,7.87,59.6,91.8,20,13:30-14:30,4.1,-20.3,62.1
STU2026331,Civil Eng,1,7.28,40.1,61.4,20,14:30-15:30,4.6,-6.7,56.5
STU2026332,Mechanical Eng,3,9.27,66.0,66.4,14,11:30-12:30,5.1,-40.4,50.0
STU2026333,Information Tech,4,5.67,61.8,93.3,13,14:30-15:30,2.8,-46.9,76.9
STU2026334,Mechanical Eng,3,6.71,35.7,76.1,25,11:30-12:30,5.4,-24.5,33.4
STU2026335,Mechanical Eng,3,8.63,93.3,81.0,17,12:30-13:30,1.1,26.1,82.8
STU2026336,Mechanical Eng,1,7.72,72.7,61.8,20,13:30-14:30,2.7,-46.5,84.7
STU2026337,Electronics & Comm,2,9.1,60.9,65.7,16,12:30-13:30,3.7,15.7,62.1
STU2026338,Computer Science,1,6.54,40.0,76.0,13,12:30-13:30,3.6,1.7,63.6
STU2026339,Mechanical Eng,1,6.73,75.4,71.6,22,13:30-14:30,1.6,-36.1,86.6
STU2026340,Electronics & Comm,3,8.3,53.6,77.1,6,12:30-13:30,6.6,21.5,63.8
STU2026341,Information Tech,1,6.46,35.7,81.2,14,12:30-13:30,7.1,29.9,54.9
STU2026342,Civil Eng,3,6.44,37.4,68.0,23,11:30-12:30,4.1,3.2,51.8
STU2026343,Mechanical Eng,3,6.78,71.1,59.6,10,13:30-14:30,0.9,-13.2,98.7
STU2026344,Mechanical Eng,2,6.14,35.0,87.9,23,12:30-13:30,6.8,8.1,58.2
STU2026345,Electronics & Comm,1,8.32,82.4,97.9,24,11:30-12:30,2.3,4.7,82.1
STU2026346,Electronics & Comm,3,8.62,53.3,64.6,18,12:30-13:30,4.2,7.3,57.5
STU2026347,Electronics & Comm,2,6.76,40.8,75.2,23,14:30-15:30,5.7,-0.3,55.4
STU2026348,Computer Science,2,7.03,68.9,87.0,24,12:30-13:30,2.6,14.0,92.9
STU2026349,Computer Science,4,5.73,35.0,82.3,5,11:30-12:30,4.6,-2.0,51.7
STU2026350,Civil Eng,3,7.28,71.5,92.4,16,14:30-15:30,1.6,-40.4,98.8
STU2026351,Electronics & Comm,1,7.6,69.6,82.1,7,12:30-13:30,1.7,18.6,88.4
STU2026352,Electronics & Comm,4,8.88,88.5,88.5,17,12:30-13:30,1.4,10.7,82.6
STU2026353,Computer Science,2,8.64,59.1,95.9,15,11:30-12:30,6.7,-14.8,56.5
STU2026354,Electronics & Comm,2,8.48,86.9,69.8,3,11:30-12:30,1.4,-32.2,81.1
STU2026355,Mechanical Eng,4,8.63,94.5,80.6,17,12:30-13:30,2.9,9.7,95.8
STU2026356,Electronics & Comm,2,9.58,99.8,94.5,25,11:30-12:30,3.3,-46.8,76.6
STU2026357,Information Tech,2,6.03,35.0,85.6,34,13:30-14:30,6.0,-45.4,43.1
STU2026358,Computer Science,1,8.31,58.2,55.8,17,12:30-13:30,5.3,23.8,44.6
STU2026359,Electronics & Comm,1,6.79,40.4,83.5,5,11:30-12:30,5.1,-20.9,39.4
STU2026360,Information Tech,1,6.72,37.2,88.7,8,13:30-14:30,4.0,-29.0,51.3
STU2026361,Civil Eng,3,6.19,36.6,78.6,2,12:30-13:30,6.9,22.5,54.1
STU2026362,Computer Science,4,6.14,41.8,58.9,9,12:30-13:30,4.1,13.7,55.3
STU2026363,Mechanical Eng,3,7.5,72.9,59.3,12,13:30-14:30,1.7,-25.4,71.1
STU2026364,Computer Science,1,9.16,94.5,93.3,16,12:30-13:30,0.6,34.2,74.0
STU2026365,Mechanical Eng,1,7.1,71.4,69.7,24,13:30-14:30,1.3,-2.9,81.6
STU2026366,Civil Eng,2,5.99,56.1,84.9,20,12:30-13:30,0.9,14.8,97.3
STU2026367,Information Tech,4,6.28,66.8,71.3,6,13:30-14:30,3.0,-22.4,70.8
STU2026368,Civil Eng,1,9.32,86.5,73.9,18,13:30-14:30,0.9,-7.3,89.0
STU2026369,Information Tech,2,9.7,100.0,83.8,36,11:30-12:30,2.9,-9.5,85.2
STU2026370,Civil Eng,3,8.35,90.2,82.6,2,12:30-13:30,1.5,21.4,94.0
STU2026371,Electronics & Comm,4,9.16,88.4,92.4,3,14:30-15:30,1.0,-21.1,84.3
STU2026372,Information Tech,4,7.23,47.0,65.1,16,13:30-14:30,3.7,-31.2,58.0
STU2026373,Civil Eng,1,5.94,40.1,72.7,21,12:30-13:30,4.4,21.1,30.0
STU2026374,Information Tech,2,8.31,88.7,74.6,25,13:30-14:30,2.9,-18.3,93.9
STU2026375,Information Tech,4,8.58,56.6,70.6,13,11:30-12:30,3.7,-4.0,33.4
STU2026376,Mechanical Eng,3,8.52,89.2,57.0,5,13:30-14:30,1.6,-34.5,74.1
STU2026377,Electronics & Comm,2,6.02,56.9,91.6,15,12:30-13:30,2.0,-3.1,93.9
STU2026378,Information Tech,1,8.82,66.8,74.4,18,12:30-13:30,5.1,25.2,63.5
STU2026379,Information Tech,4,9.11,68.9,75.8,25,12:30-13:30,4.1,28.4,62.2
STU2026380,Computer Science,4,8.33,82.9,81.1,24,12:30-13:30,2.8,26.3,95.6
STU2026381,Mechanical Eng,4,9.64,70.4,96.7,25,13:30-14:30,3.7,-20.8,34.7
STU2026382,Information Tech,3,8.56,57.0,95.2,26,12:30-13:30,4.9,32.8,37.0
STU2026383,Electronics & Comm,2,7.67,75.4,84.9,20,12:30-13:30,2.8,33.6,73.3
STU2026384,Civil Eng,3,9.27,91.6,73.2,3,11:30-12:30,0.6,-37.4,73.1
STU2026385,Electronics & Comm,3,8.44,80.8,61.3,13,12:30-13:30,0.9,28.4,92.7
STU2026386,Computer Science,2,8.69,92.1,79.1,36,12:30-13:30,2.2,-3.1,92.7
STU2026387,Civil Eng,4,7.29,53.4,88.9,8,13:30-14:30,5.3,-15.1,63.8
STU2026388,Civil Eng,2,9.42,66.3,85.3,25,12:30-13:30,5.0,34.5,56.4
STU2026389,Mechanical Eng,4,6.26,64.1,84.4,15,12:30-13:30,1.8,6.4,75.0
STU2026390,Mechanical Eng,2,6.19,69.7,91.4,12,11:30-12:30,0.5,-16.4,83.5
STU2026391,Information Tech,3,7.61,74.3,79.6,20,12:30-13:30,3.0,16.3,92.7
STU2026392,Information Tech,2,7.29,69.6,78.1,26,12:30-13:30,1.1,7.0,76.4
STU2026393,Information Tech,4,9.79,68.0,90.4,22,12:30-13:30,7.4,20.2,30.3
STU2026394,Information Tech,2,9.62,100.0,84.3,32,12:30-13:30,2.7,24.7,96.6
STU2026395,Computer Science,3,7.71,48.5,76.9,17,12:30-13:30,3.9,33.9,40.4
STU2026396,Electronics & Comm,1,8.2,52.6,64.1,8,13:30-14:30,4.9,-19.5,37.5
STU2026397,Civil Eng,1,8.71,66.4,61.6,10,11:30-12:30,3.7,-18.4,41.6
STU2026398,Information Tech,2,9.42,69.7,72.5,18,12:30-13:30,3.7,16.9,44.2
STU2026399,Information Tech,1,8.75,54.2,80.2,23,11:30-12:30,5.4,-32.0,32.5
STU2026400,Computer Science,3,8.79,88.3,73.8,19,12:30-13:30,3.3,25.6,89.2
STU2026401,Information Tech,3,9.63,64.6,61.2,26,13:30-14:30,5.2,2.7,62.0
STU2026402,Computer Science,2,6.03,35.0,55.2,38,12:30-13:30,4.7,25.4,48.8
STU2026403,Mechanical Eng,2,7.27,50.8,82.8,8,13:30-14:30,4.1,-41.9,35.6
STU2026404,Information Tech,1,9.16,63.8,95.1,4,12:30-13:30,7.5,5.3,46.1
STU2026405,Electronics & Comm,4,9.59,71.8,70.4,8,11:30-12:30,5.2,-31.2,38.2
STU2026406,Civil Eng,3,8.15,57.0,68.1,15,12:30-13:30,4.6,1.9,49.8
STU2026407,Mechanical Eng,2,8.88,64.0,85.6,12,12:30-13:30,5.0,31.0,39.7
STU2026408,Civil Eng,4,7.04,42.8,68.1,6,13:30-14:30,4.4,-0.8,36.2
STU2026409,Electronics & Comm,3,8.65,54.4,81.9,20,12:30-13:30,5.6,18.7,61.2
STU2026410,Information Tech,2,9.4,67.2,78.7,26,13:30-14:30,4.3,-27.2,65.0
STU2026411,Information Tech,3,6.08,54.7,76.5,45,12:30-13:30,1.1,28.1,80.6
STU2026412,Information Tech,2,8.76,89.3,61.0,19,13:30-14:30,1.6,-9.0,86.4
STU2026413,Civil Eng,3,5.67,54.1,87.7,18,12:30-13:30,2.1,32.2,77.7
STU2026414,Mechanical Eng,4,7.52,73.6,74.5,18,13:30-14:30,0.8,-14.4,98.4
STU2026415,Mechanical Eng,3,7.99,82.1,79.5,4,13:30-14:30,3.1,-20.6,81.0
STU2026416,Civil Eng,2,7.72,51.1,70.2,18,12:30-13:30,6.6,31.2,47.0
STU2026417,Civil Eng,2,6.49,61.0,77.1,5,12:30-13:30,2.5,22.1,74.4
STU2026418,Civil Eng,3,8.6,64.3,75.7,2,13:30-14:30,3.9,-35.1,37.4
STU2026419,Electronics & Comm,2,6.08,40.3,77.0,18,14:30-15:30,6.7,2.8,35.1
STU2026420,Information Tech,1,9.28,69.9,86.3,17,12:30-13:30,6.2,30.6,63.2
STU2026421,Electronics & Comm,2,9.07,68.4,80.8,10,12:30-13:30,6.1,1.9,58.7
STU2026422,Mechanical Eng,4,8.07,74.3,58.0,18,12:30-13:30,3.1,23.1,73.8
STU2026423,Electronics & Comm,1,6.26,36.5,93.8,4,13:30-14:30,4.7,-22.4,60.7
STU2026424,Electronics & Comm,1,9.36,68.4,88.3,18,11:30-12:30,5.0,-25.3,48.3
STU2026425,Civil Eng,4,7.01,43.0,89.6,10,12:30-13:30,6.9,14.6,59.3
STU2026426,Electronics & Comm,1,6.72,71.5,92.7,20,13:30-14:30,3.4,-20.3,75.5
STU2026427,Information Tech,1,7.11,50.9,63.8,20,12:30-13:30,6.1,5.4,44.3
STU2026428,Information Tech,4,7.93,57.3,81.3,19,12:30-13:30,7.4,14.8,43.9
STU2026429,Mechanical Eng,4,6.59,70.6,68.2,23,13:30-14:30,2.9,-41.7,90.5
STU2026430,Electronics & Comm,4,8.87,93.7,95.8,21,13:30-14:30,1.2,-11.1,84.7
STU2026431,Computer Science,2,7.17,46.0,82.3,17,12:30-13:30,6.1,-2.4,58.8
STU2026432,Electronics & Comm,3,5.84,61.4,56.6,24,12:30-13:30,3.2,34.5,98.5
STU2026433,Computer Science,2,8.25,87.9,73.9,16,12:30-13:30,1.9,27.1,89.0
STU2026434,Information Tech,2,8.15,89.5,84.0,23,11:30-12:30,3.0,-6.7,89.0
STU2026435,Mechanical Eng,4,7.24,79.7,63.6,25,12:30-13:30,0.6,29.0,90.4
STU2026436,Information Tech,3,6.99,70.3,90.1,15,12:30-13:30,2.1,5.7,97.9
STU2026437,Civil Eng,1,7.9,80.1,76.6,19,12:30-13:30,2.9,28.3,73.4
STU2026438,Information Tech,3,8.49,54.3,96.5,29,14:30-15:30,4.4,-11.9,56.9
STU2026439,Information Tech,1,7.57,72.5,66.1,12,13:30-14:30,3.2,-26.1,92.9
STU2026440,Mechanical Eng,1,8.51,89.6,66.3,19,12:30-13:30,2.5,33.2,81.6
STU2026441,Civil Eng,3,7.02,74.0,93.5,17,14:30-15:30,2.4,-8.9,97.5
STU2026442,Electronics & Comm,2,9.25,94.9,63.9,5,11:30-12:30,1.9,-41.6,77.2
STU2026443,Computer Science,4,8.14,55.1,87.9,17,12:30-13:30,4.3,31.8,31.5
STU2026444,Information Tech,3,7.61,54.0,97.3,16,12:30-13:30,6.9,16.6,39.8
STU2026445,Civil Eng,4,9.54,100.0,56.4,5,12:30-13:30,2.9,23.6,95.0
STU2026446,Civil Eng,3,8.46,82.8,55.5,10,12:30-13:30,2.0,2.7,86.8
STU2026447,Mechanical Eng,2,6.66,66.6,96.2,13,12:30-13:30,2.9,10.0,75.3
STU2026448,Civil Eng,3,7.44,43.5,79.6,9,13:30-14:30,7.4,-18.6,54.0
STU2026449,Civil Eng,2,6.13,57.7,96.2,22,12:30-13:30,1.5,16.2,93.4
STU2026450,Mechanical Eng,4,6.79,39.1,79.2,10,11:30-12:30,4.5,-22.7,43.9
STU2026451,Computer Science,4,8.7,92.4,66.2,15,12:30-13:30,3.0,-0.0,86.2
STU2026452,Information Tech,2,7.98,56.5,82.9,31,12:30-13:30,4.3,15.0,64.3
STU2026453,Civil Eng,1,7.14,50.3,67.3,12,13:30-14:30,4.9,-25.6,35.1
STU2026454,Information Tech,4,9.15,89.4,58.1,10,12:30-13:30,1.6,19.8,76.6
STU2026455,Civil Eng,3,9.32,65.7,88.6,7,12:30-13:30,7.1,2.5,56.2
STU2026456,Computer Science,2,8.63,65.8,83.5,18,11:30-12:30,7.1,-42.9,54.5
STU2026457,Civil Eng,1,5.61,35.0,72.1,22,11:30-12:30,5.9,1.4,32.9
STU2026458,Civil Eng,3,6.49,38.8,86.7,3,11:30-12:30,3.6,-12.8,34.4
STU2026459,Mechanical Eng,4,7.51,54.3,92.4,19,14:30-15:30,7.0,-38.6,49.2
STU2026460,Information Tech,4,8.21,53.4,82.3,13,12:30-13:30,4.4,14.7,48.3
STU2026461,Electronics & Comm,1,7.4,67.5,70.7,6,13:30-14:30,2.3,-29.8,78.8
STU2026462,Civil Eng,1,8.46,53.9,76.2,21,13:30-14:30,5.8,-35.7,40.5
STU2026463,Computer Science,3,6.31,35.0,92.9,41,12:30-13:30,3.6,10.5,38.7
STU2026464,Mechanical Eng,1,7.32,42.4,65.3,11,12:30-13:30,5.9,21.6,61.8
STU2026465,Information Tech,3,7.28,75.9,91.7,23,12:30-13:30,1.8,23.7,78.4
STU2026466,Civil Eng,2,6.88,35.8,61.5,6,12:30-13:30,7.3,24.3,30.8
STU2026467,Computer Science,2,5.89,64.5,55.6,26,12:30-13:30,2.0,14.0,82.2
STU2026468,Computer Science,3,5.84,58.1,87.3,20,12:30-13:30,1.5,2.9,77.7
STU2026469,Mechanical Eng,4,9.06,59.5,60.2,25,12:30-13:30,5.9,35.8,38.7
STU2026470,Electronics & Comm,4,8.66,61.4,59.0,12,14:30-15:30,5.2,-39.6,37.3
STU2026471,Computer Science,1,6.59,72.5,82.5,5,12:30-13:30,1.9,4.7,95.7
STU2026472,Civil Eng,3,5.56,35.0,89.2,20,14:30-15:30,4.6,-6.5,43.9
STU2026473,Civil Eng,2,7.1,73.9,58.8,22,14:30-15:30,1.6,-44.8,72.7
STU2026474,Mechanical Eng,2,8.52,93.2,89.0,13,13:30-14:30,1.4,-5.3,76.7
STU2026475,Civil Eng,2,5.59,37.5,71.2,19,13:30-14:30,5.6,-32.4,38.8
STU2026476,Civil Eng,2,7.94,85.8,78.4,19,12:30-13:30,2.8,1.6,83.6
STU2026477,Information Tech,2,7.43,43.9,90.2,38,12:30-13:30,4.3,2.6,45.9
STU2026478,Computer Science,3,8.84,60.9,65.3,31,12:30-13:30,5.5,23.0,53.0
STU2026479,Information Tech,2,8.14,54.5,68.9,41,11:30-12:30,5.0,1.7,33.9
STU2026480,Electronics & Comm,1,6.37,70.0,75.9,18,12:30-13:30,1.2,20.6,86.6
STU2026481,Information Tech,3,5.71,35.0,64.5,44,12:30-13:30,5.5,31.5,30.5
STU2026482,Computer Science,4,8.94,63.7,57.6,24,12:30-13:30,4.4,-2.6,62.8
STU2026483,Information Tech,3,7.77,55.6,86.6,18,12:30-13:30,6.3,24.7,32.7
STU2026484,Information Tech,4,6.31,59.5,77.6,15,13:30-14:30,2.2,-8.5,88.1
STU2026485,Information Tech,3,8.4,89.2,85.2,31,12:30-13:30,3.5,8.8,73.0
STU2026486,Electronics & Comm,4,9.51,62.7,93.8,22,12:30-13:30,4.4,12.7,64.9
STU2026487,Mechanical Eng,2,7.92,56.4,64.2,16,14:30-15:30,5.9,2.9,62.4
STU2026488,Computer Science,1,9.73,72.9,80.6,9,12:30-13:30,4.1,3.8,64.8
STU2026489,Mechanical Eng,1,8.82,61.1,95.6,20,12:30-13:30,6.3,1.3,62.2
STU2026490,Computer Science,4,7.03,67.4,61.0,4,13:30-14:30,3.1,-17.8,86.9
STU2026491,Information Tech,2,8.66,54.9,86.1,33,12:30-13:30,6.1,28.6,36.1
STU2026492,Computer Science,3,5.66,64.3,89.8,43,12:30-13:30,3.2,28.5,92.6
STU2026493,Civil Eng,1,9.24,72.6,64.7,14,13:30-14:30,5.1,-45.1,51.1
STU2026494,Information Tech,1,6.87,64.6,79.3,14,12:30-13:30,2.8,34.8,90.2
STU2026495,Information Tech,1,6.45,59.4,67.5,3,12:30-13:30,3.3,17.5,73.8
STU2026496,Mechanical Eng,1,7.21,46.3,73.7,14,11:30-12:30,5.4,-13.4,56.7
STU2026497,Electronics & Comm,2,6.54,67.7,66.4,15,11:30-12:30,3.5,-25.6,89.9
STU2026498,Mechanical Eng,2,6.88,77.2,80.5,16,12:30-13:30,0.7,20.6,78.8
STU2026499,Civil Eng,1,9.47,64.0,65.0,25,11:30-12:30,5.3,-45.1,35.5
STU2026500,Information Tech,2,9.24,87.2,90.3,15,12:30-13:30,0.6,8.6,90.1
STU2026501,Information Tech,2,6.38,68.5,77.5,37,11:30-12:30,2.3,-12.6,84.0
STU2026502,Civil Eng,1,6.6,63.7,57.6,2,12:30-13:30,1.9,-2.3,90.2
STU2026503,Mechanical Eng,3,9.22,69.1,55.8,24,12:30-13:30,6.6,-0.9,52.7
STU2026504,Mechanical Eng,4,9.23,92.3,77.9,2,14:30-15:30,1.8,-45.9,84.5
STU2026505,Information Tech,3,6.93,68.2,71.9,22,12:30-13:30,1.6,35.8,80.1
STU2026506,Information Tech,3,8.99,58.2,81.9,32,11:30-12:30,6.7,2.3,61.2
STU2026507,Electronics & Comm,2,6.97,71.1,71.9,22,12:30-13:30,1.5,23.1,91.2
STU2026508,Civil Eng,2,7.96,79.7,73.3,22,11:30-12:30,2.7,-40.7,87.6
STU2026509,Information Tech,2,9.21,70.5,68.3,39,14:30-15:30,5.4,-40.3,48.3
STU2026510,Information Tech,2,6.87,45.5,79.0,38,13:30-14:30,7.1,-46.4,34.1
STU2026511,Mechanical Eng,4,9.63,66.9,68.0,6,13:30-14:30,5.7,-6.7,58.8
STU2026512,Computer Science,2,6.29,36.2,87.8,22,12:30-13:30,4.8,4.5,39.3
STU2026513,Computer Science,3,5.84,59.3,88.5,20,12:30-13:30,1.4,29.9,94.5
STU2026514,Civil Eng,4,6.09,54.9,63.3,15,12:30-13:30,0.7,4.1,92.2
STU2026515,Electronics & Comm,2,5.78,35.0,94.9,16,12:30-13:30,7.4,31.4,60.3
STU2026516,Civil Eng,4,8.84,63.1,81.1,20,14:30-15:30,6.3,-16.5,55.2
STU2026517,Information Tech,1,7.74,43.6,74.4,14,12:30-13:30,6.3,35.3,31.5
STU2026518,Computer Science,4,7.72,76.6,82.1,11,12:30-13:30,0.8,13.9,78.4
STU2026519,Civil Eng,3,8.14,49.9,57.3,25,12:30-13:30,4.1,15.5,35.0
STU2026520,Electronics & Comm,2,7.19,78.9,68.9,16,13:30-14:30,0.7,-43.2,83.2
STU2026521,Mechanical Eng,2,8.59,84.6,60.3,14,12:30-13:30,1.3,24.8,83.0
STU2026522,Information Tech,2,7.13,44.3,71.4,19,12:30-13:30,5.9,1.6,61.9
STU2026523,Electronics & Comm,2,8.81,95.8,57.2,7,12:30-13:30,2.7,-0.2,91.2
STU2026524,Electronics & Comm,2,5.52,56.6,87.9,21,13:30-14:30,0.6,-1.2,84.4
STU2026525,Electronics & Comm,2,8.03,82.7,75.5,19,12:30-13:30,3.4,6.4,72.3
STU2026526,Information Tech,2,5.71,35.0,61.4,41,12:30-13:30,5.1,19.7,31.3
STU2026527,Mechanical Eng,1,5.71,60.1,72.9,21,12:30-13:30,1.7,18.5,89.5
STU2026528,Information Tech,2,9.66,100.0,87.2,43,12:30-13:30,3.0,10.5,71.0
STU2026529,Computer Science,4,9.13,58.8,57.8,15,12:30-13:30,3.8,16.5,34.3
STU2026530,Electronics & Comm,1,5.97,35.0,86.4,24,12:30-13:30,4.9,6.8,64.6
STU2026531,Information Tech,3,6.62,38.7,79.7,38,12:30-13:30,4.9,20.9,62.4
STU2026532,Civil Eng,2,9.3,87.9,65.0,5,12:30-13:30,2.5,25.2,75.6
STU2026533,Electronics & Comm,4,7.28,54.0,69.4,11,12:30-13:30,4.4,5.4,52.3
STU2026534,Computer Science,3,6.79,44.5,78.6,33,12:30-13:30,5.9,20.3,34.0
STU2026535,Computer Science,2,6.33,38.0,90.9,19,11:30-12:30,7.0,-22.5,46.8
STU2026536,Civil Eng,3,7.49,48.3,90.0,23,12:30-13:30,7.0,7.9,32.0
STU2026537,Information Tech,1,6.4,40.5,84.5,10,14:30-15:30,6.1,-3.4,61.1
STU2026538,Mechanical Eng,4,8.19,53.9,91.2,11,13:30-14:30,4.5,-10.6,43.6
STU2026539,Mechanical Eng,1,6.67,35.9,58.7,18,12:30-13:30,6.6,7.4,43.0
STU2026540,Computer Science,3,8.88,69.0,88.4,31,12:30-13:30,6.9,1.3,45.5
STU2026541,Mechanical Eng,4,8.65,54.1,77.5,18,13:30-14:30,5.9,-12.1,35.0
STU2026542,Electronics & Comm,2,8.62,66.8,74.8,23,14:30-15:30,5.5,-3.0,48.3
STU2026543,Computer Science,3,7.51,51.7,57.0,24,12:30-13:30,4.1,21.2,53.1
STU2026544,Electronics & Comm,3,6.36,35.4,67.3,7,12:30-13:30,4.2,6.2,57.0
STU2026545,Computer Science,1,6.39,68.2,70.1,9,12:30-13:30,2.7,2.0,74.1
STU2026546,Mechanical Eng,3,7.82,72.4,57.2,4,12:30-13:30,0.7,12.5,96.2
STU2026547,Electronics & Comm,4,8.15,52.4,68.4,16,12:30-13:30,6.2,18.3,55.0
STU2026548,Computer Science,4,5.92,35.0,68.3,6,14:30-15:30,5.0,-2.4,56.8
STU2026549,Information Tech,3,9.43,62.8,71.9,29,13:30-14:30,5.4,-22.2,53.3
STU2026550,Computer Science,4,5.99,36.7,75.6,18,12:30-13:30,6.4,-0.8,39.9
STU2026551,Computer Science,3,7.89,81.2,58.0,22,12:30-13:30,2.6,17.5,83.4
STU2026552,Civil Eng,4,5.78,35.0,64.0,12,12:30-13:30,5.4,17.3,45.1
STU2026553,Electronics & Comm,2,8.35,57.0,58.3,16,12:30-13:30,7.0,8.3,50.1
STU2026554,Computer Science,4,6.26,68.6,96.1,14,13:30-14:30,1.0,-30.6,73.2
STU2026555,Computer Science,1,6.44,35.0,61.0,23,13:30-14:30,4.6,-40.1,56.4
STU2026556,Information Tech,3,7.18,70.1,79.9,44,12:30-13:30,1.9,22.9,89.8
STU2026557,Civil Eng,3,9.76,65.0,80.1,3,13:30-14:30,4.8,-28.4,47.9
STU2026558,Information Tech,1,5.5,35.0,79.1,15,11:30-12:30,7.4,-10.8,33.8
STU2026559,Civil Eng,3,8.56,81.5,72.5,19,11:30-12:30,3.5,-27.6,76.1
STU2026560,Mechanical Eng,4,6.16,42.4,97.9,25,11:30-12:30,5.2,-1.1,34.7
STU2026561,Civil Eng,2,5.86,64.3,82.6,15,12:30-13:30,3.4,20.6,83.2
STU2026562,Civil Eng,4,7.87,81.2,74.4,25,12:30-13:30,3.0,4.7,75.4
STU2026563,Information Tech,3,7.27,74.8,78.5,18,13:30-14:30,3.1,-17.2,98.4
STU2026564,Computer Science,2,8.64,62.9,77.6,31,12:30-13:30,6.5,31.5,56.3
STU2026565,Computer Science,2,7.53,47.0,86.9,24,13:30-14:30,7.2,-15.5,32.7
STU2026566,Mechanical Eng,1,7.52,50.1,77.0,11,14:30-15:30,3.8,-32.7,55.7
STU2026567,Computer Science,3,8.63,82.1,79.2,24,11:30-12:30,0.9,-5.1,83.7
STU2026568,Information Tech,1,6.73,44.8,58.5,10,11:30-12:30,4.0,-33.4,59.8
STU2026569,Mechanical Eng,1,8.69,57.7,81.0,7,12:30-13:30,6.9,5.7,55.9
STU2026570,Electronics & Comm,4,6.28,71.1,77.7,6,12:30-13:30,0.7,29.3,98.5
STU2026571,Civil Eng,4,6.52,35.9,73.9,22,12:30-13:30,5.0,5.8,37.4
STU2026572,Computer Science,1,6.22,67.2,72.1,14,12:30-13:30,2.6,23.0,91.6
STU2026573,Civil Eng,4,6.63,71.9,77.8,12,12:30-13:30,3.5,34.4,78.4
STU2026574,Computer Science,1,9.45,61.0,82.4,12,13:30-14:30,7.2,-33.7,45.1
STU2026575,Computer Science,3,8.31,52.9,71.8,21,12:30-13:30,5.9,16.3,56.2
STU2026576,Electronics & Comm,3,7.85,58.1,83.9,16,11:30-12:30,6.3,-29.4,30.4
STU2026577,Mechanical Eng,3,6.33,66.9,56.0,21,13:30-14:30,1.1,-14.2,97.2
STU2026578,Computer Science,1,9.18,63.7,60.6,5,14:30-15:30,5.1,-11.1,61.5
STU2026579,Mechanical Eng,3,7.51,52.2,95.3,23,12:30-13:30,5.0,26.6,62.3
STU2026580,Mechanical Eng,3,6.2,38.9,58.2,10,11:30-12:30,5.9,-38.6,43.4
STU2026581,Computer Science,4,9.71,91.8,63.6,15,12:30-13:30,3.2,4.0,88.7
STU2026582,Computer Science,4,8.58,82.8,59.4,17,12:30-13:30,1.0,1.1,86.6
STU2026583,Computer Science,1,8.36,55.8,66.5,17,12:30-13:30,5.4,14.6,61.7
STU2026584,Civil Eng,1,7.82,52.1,55.1,13,12:30-13:30,7.2,8.7,58.6
STU2026585,Mechanical Eng,4,5.74,35.0,97.9,16,12:30-13:30,5.0,26.2,42.8
STU2026586,Mechanical Eng,2,6.26,66.8,56.7,22,13:30-14:30,3.2,-11.5,75.5
STU2026587,Civil Eng,1,9.31,86.6,73.8,9,14:30-15:30,1.8,-22.1,71.0
STU2026588,Computer Science,3,7.65,57.4,96.5,25,12:30-13:30,6.2,27.3,63.8
STU2026589,Computer Science,4,6.01,35.0,89.7,6,13:30-14:30,5.2,-8.7,46.0
STU2026590,Electronics & Comm,1,5.66,35.0,61.1,24,11:30-12:30,5.1,-13.6,46.5
STU2026591,Computer Science,2,8.22,53.9,93.9,17,13:30-14:30,6.2,-4.7,33.4
STU2026592,Computer Science,1,7.64,76.3,89.4,25,13:30-14:30,2.0,-12.0,93.3
STU2026593,Mechanical Eng,1,9.7,100.0,79.8,20,13:30-14:30,1.5,-38.8,94.3
STU2026594,Computer Science,1,6.68,62.9,87.6,20,12:30-13:30,1.7,-3.3,80.7
STU2026595,Computer Science,4,8.84,66.3,55.7,22,11:30-12:30,3.9,-16.5,30.2
STU2026596,Mechanical Eng,4,8.48,63.4,89.1,16,12:30-13:30,3.8,11.9,34.4
STU2026597,Electronics & Comm,1,8.06,49.2,85.8,15,12:30-13:30,4.8,-4.8,33.1
STU2026598,Electronics & Comm,2,6.01,65.3,77.8,9,12:30-13:30,1.2,14.0,80.5
STU2026599,Electronics & Comm,3,5.73,64.8,59.8,7,12:30-13:30,1.5,22.5,94.5
STU2026600,Computer Science,1,8.27,88.1,67.3,3,13:30-14:30,3.5,-42.5,79.7
STU2026601,Computer Science,2,6.18,40.2,56.2,33,12:30-13:30,4.1,8.4,32.5
STU2026602,Electronics & Comm,3,6.49,64.8,59.7,9,11:30-12:30,2.1,-44.1,76.9
STU2026603,Information Tech,4,5.73,53.8,73.7,16,12:30-13:30,2.0,24.5,87.7
STU2026604,Mechanical Eng,3,6.37,43.5,60.5,16,13:30-14:30,5.3,-25.8,32.1
STU2026605,Mechanical Eng,2,9.31,64.3,81.0,19,11:30-12:30,6.0,-2.7,52.3
STU2026606,Computer Science,4,9.18,59.7,76.0,25,12:30-13:30,7.5,12.6,50.7
STU2026607,Electronics & Comm,2,6.91,48.4,79.9,2,12:30-13:30,6.7,12.1,50.7
STU2026608,Computer Science,1,9.76,71.8,86.5,24,13:30-14:30,4.0,-4.5,44.9
STU2026609,Civil Eng,4,6.53,73.2,79.0,11,11:30-12:30,0.6,-35.3,91.2
STU2026610,Computer Science,1,7.56,45.6,68.1,16,11:30-12:30,5.4,-23.4,60.0
STU2026611,Electronics & Comm,4,6.3,44.8,92.5,14,12:30-13:30,4.9,31.6,54.6
STU2026612,Mechanical Eng,1,6.78,40.8,87.4,23,12:30-13:30,5.4,-1.7,51.4
STU2026613,Mechanical Eng,1,7.71,76.3,94.1,3,12:30-13:30,3.0,10.0,71.5
STU2026614,Electronics & Comm,1,7.91,80.6,88.3,25,12:30-13:30,1.5,33.5,79.7
STU2026615,Information Tech,2,8.74,88.2,87.7,16,12:30-13:30,2.7,-2.4,96.0
STU2026616,Mechanical Eng,4,7.59,79.6,77.6,11,12:30-13:30,1.4,13.5,90.6
STU2026617,Mechanical Eng,1,6.31,59.5,93.0,4,14:30-15:30,1.1,-42.2,81.3
STU2026618,Mechanical Eng,1,8.5,56.3,76.3,23,12:30-13:30,6.6,17.2,48.2
STU2026619,Electronics & Comm,4,6.99,50.5,74.1,9,13:30-14:30,5.0,-3.7,40.2
STU2026620,Information Tech,3,7.27,45.2,69.7,41,12:30-13:30,5.0,17.5,41.4
STU2026621,Civil Eng,3,7.94,76.2,93.6,11,12:30-13:30,2.6,26.6,92.9
STU2026622,Computer Science,2,7.02,74.5,74.6,20,12:30-13:30,1.7,29.4,96.8
STU2026623,Electronics & Comm,2,6.52,62.8,56.8,19,11:30-12:30,2.7,-10.5,73.7
STU2026624,Mechanical Eng,3,6.14,41.5,74.3,17,11:30-12:30,7.3,-7.3,48.7
STU2026625,Civil Eng,3,6.17,35.0,96.7,11,12:30-13:30,4.3,34.8,47.8
STU2026626,Information Tech,2,8.94,68.2,86.3,16,12:30-13:30,7.0,0.7,41.9
STU2026627,Information Tech,1,6.82,48.4,72.3,22,11:30-12:30,6.4,-37.7,45.6
STU2026628,Information Tech,2,8.86,94.6,88.0,45,12:30-13:30,1.9,-1.4,72.4
STU2026629,Information Tech,4,6.34,35.0,68.7,6,12:30-13:30,4.7,24.4,63.0
STU2026630,Civil Eng,3,7.16,71.9,55.5,8,12:30-13:30,2.9,24.8,78.9
STU2026631,Civil Eng,4,8.96,63.8,67.4,6,13:30-14:30,6.1,-3.7,64.0
STU2026632,Information Tech,1,6.12,38.1,68.0,20,14:30-15:30,7.4,-7.9,48.4
STU2026633,Computer Science,1,7.26,76.8,94.3,6,13:30-14:30,3.4,-37.4,86.1
STU2026634,Civil Eng,3,7.88,55.3,56.8,16,12:30-13:30,6.3,4.2,59.2
STU2026635,Computer Science,2,6.63,38.2,96.1,28,13:30-14:30,6.3,-38.5,46.5
STU2026636,Electronics & Comm,1,6.01,35.0,66.9,20,12:30-13:30,7.5,12.9,32.3
STU2026637,Mechanical Eng,4,9.69,90.2,90.2,20,12:30-13:30,3.1,-2.6,91.3
STU2026638,Mechanical Eng,4,9.28,92.2,60.8,13,14:30-15:30,1.6,-45.4,77.9
STU2026639,Mechanical Eng,1,7.71,81.8,88.0,12,12:30-13:30,1.8,28.9,72.7
STU2026640,Mechanical Eng,3,8.45,90.2,84.6,18,11:30-12:30,1.2,-33.1,86.8
STU2026641,Civil Eng,4,6.96,66.5,94.2,19,11:30-12:30,1.2,-15.5,74.5
STU2026642,Information Tech,1,7.29,66.7,94.4,24,12:30-13:30,1.3,9.9,73.8
STU2026643,Civil Eng,3,6.24,42.3,68.1,24,12:30-13:30,5.7,4.3,34.2
STU2026644,Electronics & Comm,2,6.06,41.4,58.4,15,13:30-14:30,5.3,-45.7,57.4
STU2026645,Computer Science,1,8.91,86.1,77.1,23,11:30-12:30,0.9,-47.5,73.4
STU2026646,Computer Science,1,9.46,69.6,63.8,25,11:30-12:30,6.8,1.9,36.5
STU2026647,Information Tech,3,7.01,44.0,91.8,41,11:30-12:30,6.0,-17.4,51.5
STU2026648,Computer Science,2,8.58,79.1,96.5,44,13:30-14:30,1.7,-36.7,91.9
STU2026649,Information Tech,4,7.08,49.5,80.3,14,12:30-13:30,3.6,12.4,63.5
STU2026650,Information Tech,2,7.25,73.8,87.7,26,12:30-13:30,2.7,23.9,83.5
STU2026651,Information Tech,1,5.85,63.4,76.2,16,12:30-13:30,3.2,4.3,83.3
STU2026652,Civil Eng,3,9.74,65.5,73.4,13,14:30-15:30,6.5,-38.5,61.3
STU2026653,Civil Eng,1,7.2,47.5,77.5,5,12:30-13:30,5.2,25.4,34.2
STU2026654,Electronics & Comm,1,7.06,70.3,63.6,15,12:30-13:30,1.9,24.7,94.5
STU2026655,Mechanical Eng,3,8.75,58.1,89.4,17,14:30-15:30,7.1,-20.9,42.5
STU2026656,Electronics & Comm,4,5.96,39.6,65.8,3,11:30-12:30,4.0,-4.0,52.0
STU2026657,Civil Eng,1,9.68,67.6,71.5,4,11:30-12:30,5.3,-13.0,35.3
STU2026658,Information Tech,4,8.91,65.7,63.7,19,12:30-13:30,5.1,17.4,47.2
STU2026659,Computer Science,4,9.28,66.5,60.1,7,11:30-12:30,3.7,-18.5,59.9
STU2026660,Mechanical Eng,2,7.61,55.7,60.8,23,12:30-13:30,5.5,17.7,47.1
STU2026661,Information Tech,4,7.55,49.3,91.7,21,14:30-15:30,4.0,-12.1,43.7
STU2026662,Mechanical Eng,3,5.76,63.6,80.4,22,12:30-13:30,1.4,9.0,80.6
STU2026663,Computer Science,4,6.98,67.1,70.4,20,12:30-13:30,3.0,-1.5,89.2
STU2026664,Computer Science,3,5.99,35.0,62.3,31,12:30-13:30,4.3,32.0,31.3
STU2026665,Mechanical Eng,1,8.49,59.8,80.3,17,12:30-13:30,7.4,-0.9,43.2
STU2026666,Electronics & Comm,3,7.64,53.1,89.9,8,14:30-15:30,5.2,-21.7,35.8
STU2026667,Computer Science,2,6.74,45.6,57.0,17,13:30-14:30,7.5,-10.0,44.1
STU2026668,Information Tech,1,8.05,55.1,66.8,4,12:30-13:30,4.5,21.7,48.6
STU2026669,Mechanical Eng,3,7.36,76.5,78.2,19,12:30-13:30,1.9,2.4,81.7
STU2026670,Computer Science,2,7.98,53.8,64.2,32,14:30-15:30,7.2,-5.1,56.0
STU2026671,Civil Eng,1,7.75,81.2,70.7,15,12:30-13:30,1.5,11.8,74.4
STU2026672,Computer Science,2,9.14,94.9,66.5,22,12:30-13:30,2.5,-0.3,74.7
STU2026673,Electronics & Comm,1,6.56,40.8,90.6,3,12:30-13:30,3.7,3.3,49.6
STU2026674,Mechanical Eng,2,5.63,59.8,89.0,25,11:30-12:30,2.4,-22.3,86.0
STU2026675,Computer Science,1,9.2,58.9,58.6,13,12:30-13:30,4.7,22.5,60.4
STU2026676,Computer Science,4,9.56,99.7,86.1,18,14:30-15:30,1.5,-12.8,73.2
STU2026677,Information Tech,3,7.63,52.8,58.9,38,13:30-14:30,4.7,-27.3,57.1
STU2026678,Electronics & Comm,4,6.44,64.2,59.6,3,13:30-14:30,2.0,-22.0,78.0
STU2026679,Mechanical Eng,1,6.86,37.0,73.2,13,14:30-15:30,5.3,-22.8,63.7
STU2026680,Mechanical Eng,3,5.59,35.0,96.6,24,14:30-15:30,4.7,0.6,59.5
STU2026681,Electronics & Comm,3,7.88,47.7,68.3,9,11:30-12:30,7.2,-2.5,42.7
STU2026682,Civil Eng,1,9.41,73.0,71.9,9,13:30-14:30,7.3,-32.2,38.9
STU2026683,Electronics & Comm,4,8.21,62.5,92.8,17,13:30-14:30,5.9,-23.0,44.2
STU2026684,Civil Eng,3,8.58,56.0,92.7,13,12:30-13:30,6.2,12.3,58.9
STU2026685,Information Tech,3,7.45,77.5,56.2,19,13:30-14:30,0.9,-47.8,88.6
STU2026686,Electronics & Comm,3,6.85,76.7,58.5,6,13:30-14:30,1.6,-3.1,85.0
STU2026687,Civil Eng,3,7.44,76.8,92.6,11,12:30-13:30,1.4,3.1,75.0
STU2026688,Civil Eng,3,6.28,41.3,92.7,19,14:30-15:30,7.1,-13.7,61.0
STU2026689,Electronics & Comm,1,9.69,71.0,63.5,10,12:30-13:30,5.4,1.1,35.9
STU2026690,Mechanical Eng,2,9.57,62.1,60.0,23,12:30-13:30,5.5,15.3,45.2
STU2026691,Electronics & Comm,2,6.32,37.6,92.1,8,11:30-12:30,6.0,-16.2,40.1
STU2026692,Mechanical Eng,2,7.3,70.5,72.6,9,12:30-13:30,1.5,10.2,78.4
STU2026693,Civil Eng,1,5.54,59.6,60.7,24,13:30-14:30,2.8,-25.6,90.1
STU2026694,Information Tech,3,5.81,59.0,79.0,34,12:30-13:30,0.9,33.5,97.0
STU2026695,Information Tech,1,5.52,59.2,76.7,19,11:30-12:30,3.2,-45.8,98.3
STU2026696,Electronics & Comm,3,6.23,57.4,76.2,15,13:30-14:30,2.9,-40.5,83.6
STU2026697,Computer Science,3,5.69,35.0,60.5,24,14:30-15:30,6.6,-0.2,59.2
STU2026698,Mechanical Eng,3,7.72,78.0,73.7,19,14:30-15:30,1.7,-2.8,91.4
STU2026699,Civil Eng,1,6.31,59.3,57.3,5,12:30-13:30,1.8,35.8,83.6
STU2026700,Civil Eng,1,7.4,53.6,97.5,6,13:30-14:30,4.4,-41.4,46.0
STU2026701,Computer Science,2,9.23,89.5,62.8,33,13:30-14:30,1.7,-36.7,84.8
STU2026702,Computer Science,2,7.29,40.9,58.3,36,11:30-12:30,5.9,4.0,53.7
STU2026703,Computer Science,4,7.11,65.1,95.0,24,12:30-13:30,1.2,22.0,79.4
STU2026704,Civil Eng,3,8.06,47.3,55.2,25,12:30-13:30,7.3,36.0,53.0
STU2026705,Information Tech,2,6.41,45.1,57.1,45,11:30-12:30,5.0,-16.1,41.3
STU2026706,Computer Science,4,6.6,47.4,65.3,14,12:30-13:30,5.9,27.0,44.0
STU2026707,Mechanical Eng,2,6.02,58.6,76.1,6,12:30-13:30,3.5,9.7,93.4
STU2026708,Computer Science,3,7.7,49.7,76.1,39,12:30-13:30,6.7,12.3,46.7
STU2026709,Mechanical Eng,2,7.37,74.2,73.3,23,12:30-13:30,0.8,24.3,79.9
STU2026710,Civil Eng,1,6.75,46.9,73.8,11,11:30-12:30,6.9,-3.4,46.7
STU2026711,Information Tech,4,6.77,63.0,57.1,5,12:30-13:30,1.0,14.1,71.3
STU2026712,Information Tech,3,7.03,40.7,80.2,40,12:30-13:30,5.9,2.5,30.6
STU2026713,Civil Eng,1,5.86,59.3,92.7,21,12:30-13:30,2.6,28.1,87.0
STU2026714,Mechanical Eng,2,6.41,35.8,58.4,2,12:30-13:30,7.4,-4.8,39.1
STU2026715,Computer Science,1,6.24,35.0,75.5,17,12:30-13:30,5.3,7.4,60.4
STU2026716,Information Tech,3,8.47,64.2,96.4,21,11:30-12:30,5.2,-42.1,58.2
STU2026717,Computer Science,2,9.19,65.8,64.0,40,12:30-13:30,5.0,17.1,52.7
STU2026718,Computer Science,3,8.81,94.9,61.4,29,13:30-14:30,3.5,3.1,73.4
STU2026719,Civil Eng,1,9.2,97.7,80.2,2,11:30-12:30,1.9,-42.6,86.5
STU2026720,Civil Eng,4,9.15,67.6,86.7,17,12:30-13:30,4.7,16.0,49.4
STU2026721,Information Tech,4,6.5,67.0,57.6,22,12:30-13:30,0.6,12.1,86.7
STU2026722,Civil Eng,1,7.63,70.1,95.4,8,12:30-13:30,2.9,14.2,90.2
STU2026723,Civil Eng,2,7.68,45.2,80.3,16,13:30-14:30,5.3,-41.0,62.3
STU2026724,Mechanical Eng,4,9.63,64.5,90.8,7,13:30-14:30,5.2,-15.0,55.7
STU2026725,Mechanical Eng,1,8.37,78.5,60.6,17,12:30-13:30,1.9,7.4,87.6
STU2026726,Electronics & Comm,1,9.8,93.7,70.4,18,13:30-14:30,2.3,-46.3,89.6
STU2026727,Computer Science,3,7.35,70.9,81.6,26,12:30-13:30,1.3,26.5,76.5
STU2026728,Information Tech,3,9.35,72.3,91.7,45,11:30-12:30,6.6,-24.8,51.2
STU2026729,Civil Eng,1,9.69,75.5,88.6,18,12:30-13:30,4.8,-0.7,60.0
STU2026730,Computer Science,2,9.42,94.9,61.8,18,13:30-14:30,2.5,-39.8,82.8
STU2026731,Mechanical Eng,3,9.02,94.9,60.3,17,11:30-12:30,1.9,-29.9,98.1
STU2026732,Information Tech,2,5.87,35.0,71.0,39,11:30-12:30,5.8,-19.9,42.6
STU2026733,Electronics & Comm,2,8.95,95.5,72.8,13,13:30-14:30,3.4,2.0,83.3
STU2026734,Civil Eng,2,8.81,63.6,85.9,7,12:30-13:30,4.1,12.8,32.4
STU2026735,Civil Eng,1,8.34,54.8,82.6,23,13:30-14:30,6.8,-1.6,32.0
STU2026736,Mechanical Eng,4,7.23,42.5,84.3,2,14:30-15:30,4.4,-4.2,40.7
STU2026737,Information Tech,2,8.51,90.2,74.2,37,12:30-13:30,1.9,9.2,85.8
STU2026738,Civil Eng,2,9.29,62.5,58.6,18,13:30-14:30,4.3,4.6,43.6
STU2026739,Mechanical Eng,2,5.9,38.6,78.7,19,11:30-12:30,4.1,-16.6,56.5
STU2026740,Electronics & Comm,3,8.62,85.1,97.4,13,12:30-13:30,1.3,0.1,71.7
STU2026741,Computer Science,4,6.78,37.3,86.7,20,14:30-15:30,3.7,-10.1,64.4
STU2026742,Information Tech,2,7.01,41.5,67.2,31,13:30-14:30,6.0,-8.9,55.0
STU2026743,Computer Science,3,7.72,56.1,63.3,28,12:30-13:30,5.9,-1.6,45.9
STU2026744,Computer Science,4,9.32,65.6,75.5,18,12:30-13:30,3.6,26.9,42.9
STU2026745,Mechanical Eng,4,8.24,52.3,97.9,7,12:30-13:30,5.3,0.9,63.2
STU2026746,Electronics & Comm,4,8.56,64.5,60.6,17,12:30-13:30,5.4,-3.7,60.2
STU2026747,Electronics & Comm,3,9.46,69.3,60.1,18,12:30-13:30,6.5,1.3,33.9
STU2026748,Mechanical Eng,3,9.76,75.6,68.0,3,12:30-13:30,3.9,33.4,57.7
STU2026749,Mechanical Eng,3,6.43,40.9,90.2,15,13:30-14:30,3.9,-22.5,34.3
STU2026750,Mechanical Eng,4,9.37,64.9,88.6,18,13:30-14:30,3.8,-14.3,55.2
STU2026751,Civil Eng,4,6.14,64.5,86.3,14,12:30-13:30,1.1,8.9,88.1
STU2026752,Computer Science,4,8.66,58.7,82.8,24,13:30-14:30,6.6,-31.6,54.8
STU2026753,Computer Science,1,6.33,36.6,81.6,17,11:30-12:30,4.5,-21.4,31.9
STU2026754,Computer Science,1,8.33,61.0,77.9,20,13:30-14:30,7.2,-24.5,39.6
STU2026755,Information Tech,3,7.23,47.1,56.9,42,12:30-13:30,6.5,16.6,30.8
STU2026756,Civil Eng,3,5.89,38.2,97.1,6,13:30-14:30,4.3,-31.7,40.0
STU2026757,Civil Eng,2,5.75,55.8,96.3,6,11:30-12:30,1.8,-26.1,90.7
STU2026758,Mechanical Eng,3,7.11,76.0,90.6,17,12:30-13:30,1.3,15.9,75.9
STU2026759,Information Tech,4,9.58,89.9,66.6,22,11:30-12:30,2.7,-35.6,86.0
STU2026760,Computer Science,3,7.88,82.0,80.2,33,11:30-12:30,1.2,-26.4,92.1
STU2026761,Computer Science,2,8.87,65.6,61.1,45,14:30-15:30,4.3,0.3,35.9
STU2026762,Civil Eng,1,5.5,35.0,75.0,17,11:30-12:30,6.3,-33.5,40.1
STU2026763,Mechanical Eng,4,9.8,95.3,91.2,19,11:30-12:30,2.0,-18.2,94.4
STU2026764,Mechanical Eng,1,7.2,69.8,60.3,21,12:30-13:30,1.5,15.7,86.1
STU2026765,Mechanical Eng,3,8.23,53.3,97.1,8,12:30-13:30,5.5,13.9,39.6
STU2026766,Information Tech,3,5.57,35.0,84.7,36,14:30-15:30,5.0,-38.8,30.1
STU2026767,Information Tech,4,8.78,67.2,78.1,23,11:30-12:30,6.0,-24.4,52.7
STU2026768,Computer Science,3,9.68,64.4,71.2,15,13:30-14:30,4.7,-41.4,43.5
STU2026769,Mechanical Eng,2,7.41,81.4,64.5,4,12:30-13:30,0.6,28.5,78.2
STU2026770,Mechanical Eng,2,6.51,72.4,76.2,8,13:30-14:30,3.0,-47.6,78.1
STU2026771,Civil Eng,1,9.24,62.9,79.5,23,12:30-13:30,4.0,19.7,49.3
STU2026772,Electronics & Comm,1,8.03,86.5,87.1,25,13:30-14:30,1.4,-6.5,97.1
STU2026773,Electronics & Comm,1,9.77,69.4,84.8,15,12:30-13:30,4.2,21.3,38.9
STU2026774,Computer Science,3,7.36,74.1,97.8,39,12:30-13:30,2.4,-3.2,89.7
STU2026775,Electronics & Comm,1,6.7,45.7,73.1,20,11:30-12:30,3.6,-5.2,30.2
STU2026776,Electronics & Comm,4,9.62,90.2,94.4,2,12:30-13:30,1.9,14.7,79.5
STU2026777,Computer Science,3,9.11,59.1,65.6,31,13:30-14:30,3.8,-5.9,63.6
STU2026778,Computer Science,4,8.79,67.6,81.9,12,11:30-12:30,4.6,-0.8,33.0
STU2026779,Computer Science,2,5.77,58.0,89.5,16,11:30-12:30,0.9,-18.4,87.7
STU2026780,Mechanical Eng,4,7.23,77.7,81.5,16,12:30-13:30,3.4,10.7,95.1
STU2026781,Civil Eng,1,6.96,46.2,95.3,5,11:30-12:30,6.0,-47.3,45.9
STU2026782,Computer Science,2,9.39,67.0,60.4,20,12:30-13:30,4.1,5.0,42.4
STU2026783,Computer Science,1,6.05,37.1,80.1,19,12:30-13:30,4.1,26.8,52.8
STU2026784,Electronics & Comm,4,6.83,70.7,69.7,3,12:30-13:30,3.1,4.7,70.2
STU2026785,Information Tech,1,7.31,78.4,63.4,23,12:30-13:30,1.9,14.5,96.3
STU2026786,Civil Eng,3,9.16,89.7,79.3,3,11:30-12:30,2.8,-21.7,78.7
STU2026787,Computer Science,2,8.48,89.6,75.1,40,13:30-14:30,2.0,-8.8,83.9
STU2026788,Electronics & Comm,4,6.29,57.1,97.6,11,11:30-12:30,3.0,-24.7,72.1
STU2026789,Information Tech,3,5.69,64.0,56.3,25,13:30-14:30,1.9,-3.1,75.1
STU2026790,Electronics & Comm,2,6.34,69.6,62.6,22,11:30-12:30,2.3,-6.3,72.9
STU2026791,Computer Science,3,9.53,98.3,68.1,40,14:30-15:30,2.2,4.9,93.5
STU2026792,Civil Eng,1,6.01,61.9,93.0,12,12:30-13:30,1.4,19.6,75.5
STU2026793,Electronics & Comm,1,8.78,66.2,80.3,22,12:30-13:30,6.5,27.6,40.3
STU2026794,Electronics & Comm,4,6.4,44.8,58.5,22,12:30-13:30,3.8,25.8,53.2
STU2026795,Mechanical Eng,4,7.73,51.2,62.7,17,14:30-15:30,5.5,-33.8,48.4
STU2026796,Civil Eng,1,6.39,42.4,93.5,14,12:30-13:30,3.7,18.4,38.2
STU2026797,Mechanical Eng,3,7.87,77.4,60.8,16,12:30-13:30,1.1,16.0,82.9
STU2026798,Mechanical Eng,4,7.44,72.0,73.6,16,11:30-12:30,3.1,-35.6,84.4
STU2026799,Computer Science,3,9.38,72.9,67.7,22,12:30-13:30,4.0,-1.0,49.1
STU2026800,Computer Science,3,5.66,55.0,63.6,36,13:30-14:30,1.9,-3.2,79.5
STU2026801,Electronics & Comm,2,9.79,77.9,87.4,13,12:30-13:30,5.7,27.1,61.9
STU2026802,Civil Eng,4,9.03,98.3,87.6,14,14:30-15:30,0.6,-35.9,89.0
STU2026803,Electronics & Comm,4,6.51,35.0,80.2,4,12:30-13:30,4.4,7.8,46.4
STU2026804,Electronics & Comm,4,8.81,89.7,85.0,20,12:30-13:30,2.0,30.8,83.0
STU2026805,Mechanical Eng,1,7.65,76.4,83.3,24,13:30-14:30,3.0,-19.5,76.5
STU2026806,Mechanical Eng,1,7.94,87.7,56.4,21,12:30-13:30,1.5,32.5,98.3
STU2026807,Information Tech,4,9.71,93.0,63.8,20,11:30-12:30,3.2,3.0,85.5
STU2026808,Mechanical Eng,1,6.24,65.2,84.0,8,11:30-12:30,1.7,-44.3,94.0
STU2026809,Civil Eng,3,6.39,40.2,67.5,12,11:30-12:30,4.2,-2.4,45.9
STU2026810,Civil Eng,4,6.18,42.7,59.8,8,14:30-15:30,4.3,-41.1,46.7
STU2026811,Electronics & Comm,3,7.36,40.8,85.5,18,12:30-13:30,3.8,24.4,51.1
STU2026812,Civil Eng,3,6.37,36.4,97.6,12,12:30-13:30,3.6,32.3,58.9
STU2026813,Civil Eng,4,7.49,82.2,56.7,24,12:30-13:30,1.1,27.5,88.7
STU2026814,Civil Eng,2,7.28,48.4,62.7,24,12:30-13:30,4.8,18.3,45.1
STU2026815,Civil Eng,1,6.53,63.4,92.4,24,14:30-15:30,2.4,-9.5,88.2
STU2026816,Electronics & Comm,4,7.27,77.6,87.8,12,12:30-13:30,1.3,11.8,80.7
STU2026817,Electronics & Comm,3,6.39,67.8,56.9,12,12:30-13:30,0.7,25.6,88.5
STU2026818,Electronics & Comm,4,5.66,35.0,65.8,16,12:30-13:30,5.5,-2.2,34.8
STU2026819,Information Tech,2,8.57,64.0,73.8,34,13:30-14:30,3.8,-42.7,39.8
STU2026820,Mechanical Eng,1,7.8,81.6,71.8,13,11:30-12:30,1.0,-38.6,92.1
STU2026821,Computer Science,2,7.4,45.4,57.1,18,12:30-13:30,4.9,11.0,48.3
STU2026822,Mechanical Eng,4,5.73,35.0,55.2,9,12:30-13:30,5.9,3.2,56.8
STU2026823,Computer Science,4,5.62,37.4,55.6,5,14:30-15:30,6.2,-5.8,53.8
STU2026824,Electronics & Comm,2,5.69,35.0,77.0,19,12:30-13:30,6.2,11.2,41.3
STU2026825,Civil Eng,1,6.5,68.5,59.6,8,11:30-12:30,2.8,-23.7,70.4
STU2026826,Computer Science,3,8.29,80.8,70.9,18,12:30-13:30,1.0,24.2,76.3
STU2026827,Information Tech,2,6.58,65.3,59.1,39,14:30-15:30,2.8,-11.2,88.3
STU2026828,Mechanical Eng,2,8.23,82.9,93.0,21,12:30-13:30,2.7,32.4,94.7
STU2026829,Civil Eng,4,7.7,58.0,86.9,5,11:30-12:30,4.0,-31.6,54.7
STU2026830,Civil Eng,2,8.16,77.2,57.6,3,12:30-13:30,3.1,4.8,78.6
STU2026831,Information Tech,4,8.68,91.5,69.1,15,12:30-13:30,2.4,21.6,88.7
STU2026832,Mechanical Eng,1,6.48,59.3,86.5,9,14:30-15:30,2.9,-5.5,76.0
STU2026833,Electronics & Comm,4,7.74,51.2,62.9,3,14:30-15:30,4.9,-14.4,32.3
STU2026834,Electronics & Comm,2,6.04,39.3,62.5,15,12:30-13:30,4.3,24.7,57.8
STU2026835,Mechanical Eng,2,8.6,83.6,65.5,22,12:30-13:30,1.7,3.3,77.2
STU2026836,Civil Eng,1,9.59,95.3,70.5,15,12:30-13:30,3.1,26.2,83.7
STU2026837,Civil Eng,1,8.78,85.5,73.4,19,12:30-13:30,1.1,24.8,96.3
STU2026838,Mechanical Eng,4,7.49,69.5,74.5,17,11:30-12:30,3.1,-37.6,87.6
STU2026839,Electronics & Comm,1,5.56,35.0,76.5,25,14:30-15:30,5.6,-28.2,47.2
STU2026840,Civil Eng,3,8.26,89.8,80.3,20,12:30-13:30,3.4,1.7,71.1
STU2026841,Civil Eng,3,8.82,91.0,87.3,3,12:30-13:30,2.9,21.7,90.6
STU2026842,Civil Eng,2,6.54,37.0,56.5,22,12:30-13:30,6.2,1.1,52.1
STU2026843,Information Tech,4,9.56,98.6,61.3,5,11:30-12:30,2.2,-7.1,86.8
STU2026844,Civil Eng,4,8.54,91.8,96.9,15,11:30-12:30,1.1,-34.6,96.4
STU2026845,Mechanical Eng,4,8.02,48.1,86.6,20,11:30-12:30,5.8,-6.8,62.4
STU2026846,Mechanical Eng,2,6.66,48.2,64.0,17,11:30-12:30,5.7,-47.9,54.5
STU2026847,Computer Science,4,7.76,53.1,83.1,8,13:30-14:30,5.6,-22.2,36.0
STU2026848,Information Tech,1,7.44,70.7,90.0,10,13:30-14:30,1.8,4.1,71.7
STU2026849,Civil Eng,4,8.2,58.5,81.9,10,12:30-13:30,6.6,-2.4,35.8
STU2026850,Computer Science,2,7.55,80.3,83.9,33,11:30-12:30,1.2,-6.2,71.8
STU2026851,Computer Science,1,6.41,72.2,89.0,17,12:30-13:30,3.1,14.4,85.1
STU2026852,Mechanical Eng,4,6.95,66.7,84.3,14,12:30-13:30,2.9,10.5,79.1
STU2026853,Computer Science,3,9.25,91.7,89.7,44,13:30-14:30,0.5,-40.6,95.2
STU2026854,Information Tech,1,9.24,67.3,67.0,23,12:30-13:30,5.4,30.7,58.5
STU2026855,Information Tech,4,8.34,59.4,55.1,3,12:30-13:30,5.0,34.8,63.0
STU2026856,Mechanical Eng,4,6.5,41.5,75.8,17,14:30-15:30,5.7,4.3,57.8
STU2026857,Computer Science,4,6.76,69.8,63.4,18,13:30-14:30,1.5,-46.3,85.1
STU2026858,Civil Eng,1,6.8,47.1,83.9,5,12:30-13:30,4.3,14.8,60.6
STU2026859,Information Tech,2,6.55,45.6,62.3,15,14:30-15:30,7.1,-39.5,54.5
STU2026860,Mechanical Eng,4,8.8,94.7,64.5,6,11:30-12:30,2.3,0.9,83.8
STU2026861,Civil Eng,1,8.92,96.3,69.3,12,11:30-12:30,2.1,-28.0,86.7
STU2026862,Civil Eng,4,8.98,84.3,64.6,8,13:30-14:30,1.3,-8.5,72.5
STU2026863,Computer Science,3,6.05,59.0,68.5,21,12:30-13:30,3.2,29.7,91.4
STU2026864,Civil Eng,3,8.82,58.8,89.3,5,12:30-13:30,7.0,11.2,34.4
STU2026865,Information Tech,4,6.86,72.4,90.1,11,11:30-12:30,2.6,-40.3,76.3
STU2026866,Computer Science,3,6.83,72.5,97.6,41,12:30-13:30,1.4,3.8,98.9
STU2026867,Mechanical Eng,4,5.75,64.1,89.8,9,14:30-15:30,1.6,-10.9,90.8
STU2026868,Computer Science,2,9.18,98.6,86.3,15,11:30-12:30,2.6,-19.0,93.6
STU2026869,Mechanical Eng,4,8.41,57.0,97.6,24,12:30-13:30,5.8,32.8,43.7
STU2026870,Information Tech,4,5.92,40.4,68.9,11,14:30-15:30,6.0,-23.8,60.3
STU2026871,Electronics & Comm,2,7.4,43.2,75.7,22,11:30-12:30,6.8,-47.5,37.3
STU2026872,Information Tech,1,8.42,83.9,97.5,3,13:30-14:30,1.5,-42.9,97.6
STU2026873,Civil Eng,2,9.56,69.3,60.0,25,11:30-12:30,4.1,-26.6,41.8
STU2026874,Computer Science,1,6.54,37.3,76.0,24,12:30-13:30,5.3,35.6,63.4
STU2026875,Computer Science,4,9.22,90.9,83.0,4,11:30-12:30,2.4,-41.5,88.9
STU2026876,Information Tech,2,5.6,35.0,79.6,20,13:30-14:30,4.5,-27.7,39.6
STU2026877,Civil Eng,3,7.96,84.9,59.3,24,11:30-12:30,0.9,-47.0,96.4
STU2026878,Information Tech,4,5.77,35.0,91.0,8,13:30-14:30,4.3,3.2,58.7
STU2026879,Computer Science,2,9.21,90.0,84.9,33,11:30-12:30,0.5,-37.1,83.0
STU2026880,Electronics & Comm,1,7.92,80.2,91.6,19,12:30-13:30,0.7,2.0,98.4
STU2026881,Computer Science,2,6.79,39.6,95.7,33,12:30-13:30,4.1,15.1,57.4
STU2026882,Mechanical Eng,3,8.11,61.4,77.0,6,11:30-12:30,5.3,-32.1,53.2
STU2026883,Electronics & Comm,2,8.09,83.6,64.3,10,11:30-12:30,3.0,-34.2,73.7
STU2026884,Electronics & Comm,4,7.46,53.7,95.6,22,12:30-13:30,5.2,25.0,62.9
STU2026885,Electronics & Comm,3,7.92,47.9,82.9,15,12:30-13:30,4.1,10.5,35.7
STU2026886,Information Tech,2,5.83,53.1,60.4,26,12:30-13:30,1.3,32.3,85.9
STU2026887,Mechanical Eng,2,9.24,100.0,64.7,5,12:30-13:30,0.6,27.1,80.9
STU2026888,Computer Science,2,7.76,57.3,92.6,33,12:30-13:30,4.6,30.5,58.2
STU2026889,Information Tech,3,8.11,80.3,93.6,38,12:30-13:30,1.7,22.8,97.4
STU2026890,Information Tech,4,7.55,71.3,60.5,14,11:30-12:30,0.6,-17.9,84.9
STU2026891,Mechanical Eng,1,9.45,97.8,82.5,16,12:30-13:30,3.1,2.5,92.5
STU2026892,Mechanical Eng,4,7.66,83.3,66.9,11,13:30-14:30,3.5,-14.3,97.3
STU2026893,Computer Science,3,7.25,77.0,68.4,20,14:30-15:30,1.1,-17.5,72.3
STU2026894,Computer Science,3,7.88,53.5,76.2,38,12:30-13:30,6.6,0.6,63.7
STU2026895,Civil Eng,1,7.24,43.1,81.5,25,13:30-14:30,6.9,-29.7,56.1
STU2026896,Information Tech,1,8.11,54.2,96.5,4,12:30-13:30,5.2,10.0,60.9
STU2026897,Electronics & Comm,3,9.6,90.8,73.2,9,14:30-15:30,3.2,-3.9,80.8
STU2026898,Computer Science,3,6.79,70.1,67.6,24,12:30-13:30,2.0,33.1,91.4
STU2026899,Information Tech,1,9.52,75.4,93.4,11,12:30-13:30,6.4,9.5,32.0
STU2026900,Computer Science,3,9.33,93.8,63.0,31,11:30-12:30,3.0,-0.4,72.9
STU2026901,Civil Eng,1,9.43,67.5,55.3,13,12:30-13:30,5.9,12.6,38.8
STU2026902,Electronics & Comm,3,5.97,36.4,73.9,13,12:30-13:30,6.4,31.2,35.7
STU2026903,Electronics & Comm,1,6.32,70.5,56.7,8,11:30-12:30,3.3,2.3,91.6
STU2026904,Mechanical Eng,1,7.31,49.6,78.7,14,13:30-14:30,6.1,-21.4,55.0
STU2026905,Civil Eng,2,5.97,61.0,59.6,9,13:30-14:30,0.6,-45.2,74.5
STU2026906,Mechanical Eng,4,9.7,97.3,86.7,9,13:30-14:30,3.5,-15.3,78.4
STU2026907,Information Tech,2,6.57,43.7,88.0,21,13:30-14:30,6.5,-22.9,64.8
STU2026908,Computer Science,2,6.31,43.1,91.8,23,12:30-13:30,4.9,35.6,35.2
STU2026909,Electronics & Comm,4,5.58,35.0,63.6,9,13:30-14:30,6.6,-36.2,43.3
STU2026910,Civil Eng,4,5.76,56.9,73.4,24,14:30-15:30,0.9,-25.8,73.2
STU2026911,Mechanical Eng,1,6.28,40.4,55.0,21,12:30-13:30,5.1,-0.9,41.3
STU2026912,Electronics & Comm,3,9.58,89.1,70.6,6,12:30-13:30,2.6,8.6,72.8
STU2026913,Mechanical Eng,3,6.52,45.3,66.9,21,12:30-13:30,4.6,-0.1,33.1
STU2026914,Information Tech,2,6.33,66.3,74.2,30,12:30-13:30,1.2,35.6,97.3
STU2026915,Electronics & Comm,2,5.69,35.0,63.2,19,13:30-14:30,4.4,3.7,38.8
STU2026916,Mechanical Eng,4,8.21,55.1,60.0,2,14:30-15:30,3.6,-39.2,46.9
STU2026917,Mechanical Eng,2,6.75,64.0,96.1,17,13:30-14:30,0.9,-11.7,98.2
STU2026918,Information Tech,1,6.21,61.9,87.3,7,12:30-13:30,3.2,-4.9,92.6
STU2026919,Information Tech,2,8.05,53.9,55.4,23,13:30-14:30,7.0,-31.9,47.9
STU2026920,Electronics & Comm,3,8.55,82.4,78.7,6,11:30-12:30,1.7,1.9,71.3
STU2026921,Mechanical Eng,2,6.66,35.9,89.0,2,12:30-13:30,5.0,21.6,38.7
STU2026922,Information Tech,3,6.9,48.5,95.7,24,13:30-14:30,6.7,-30.8,39.2
STU2026923,Computer Science,1,9.04,56.3,64.4,20,12:30-13:30,7.3,-0.6,36.2
STU2026924,Civil Eng,3,9.24,69.5,82.3,20,12:30-13:30,4.4,20.8,58.6
STU2026925,Civil Eng,2,7.42,74.9,86.4,16,12:30-13:30,3.5,2.6,74.3
STU2026926,Electronics & Comm,2,7.95,77.6,95.6,14,13:30-14:30,1.8,-11.6,78.2
STU2026927,Electronics & Comm,1,6.12,37.1,73.3,6,13:30-14:30,3.7,-9.5,52.6
STU2026928,Computer Science,1,7.12,43.0,55.9,9,11:30-12:30,6.3,-7.2,56.7
STU2026929,Mechanical Eng,2,9.54,63.8,80.8,12,12:30-13:30,6.0,30.0,30.3
STU2026930,Computer Science,2,6.1,38.3,87.7,22,12:30-13:30,6.7,-2.7,58.5
STU2026931,Mechanical Eng,1,5.59,35.0,56.9,2,12:30-13:30,4.3,32.4,33.6
STU2026932,Computer Science,2,7.34,41.5,61.3,43,12:30-13:30,5.1,24.3,37.9
STU2026933,Computer Science,4,6.23,61.4,59.7,5,12:30-13:30,1.2,9.8,97.7
STU2026934,Computer Science,1,8.1,51.8,62.7,23,11:30-12:30,4.2,-11.6,51.0
STU2026935,Information Tech,3,7.0,37.5,59.5,37,13:30-14:30,6.9,-5.7,53.2
STU2026936,Computer Science,2,8.84,93.6,61.3,41,14:30-15:30,1.5,-44.4,83.0
STU2026937,Information Tech,4,9.63,92.1,67.0,12,12:30-13:30,1.1,15.3,98.8
STU2026938,Civil Eng,4,8.09,88.1,82.4,19,12:30-13:30,1.5,15.4,97.4
STU2026939,Information Tech,4,7.79,77.7,90.3,24,12:30-13:30,3.2,28.3,86.8
STU2026940,Electronics & Comm,1,6.51,38.5,55.1,5,14:30-15:30,7.5,-44.8,30.6
STU2026941,Mechanical Eng,3,9.15,69.8,92.3,15,13:30-14:30,6.2,-35.1,40.3
STU2026942,Electronics & Comm,1,8.71,56.7,60.0,15,12:30-13:30,5.4,10.2,35.0
STU2026943,Computer Science,1,7.55,71.1,80.5,2,12:30-13:30,1.6,18.3,74.3
STU2026944,Civil Eng,2,8.79,95.4,75.2,25,12:30-13:30,1.5,8.8,85.3
STU2026945,Computer Science,3,5.98,39.2,57.6,27,11:30-12:30,5.0,-3.9,51.1
STU2026946,Civil Eng,3,9.45,72.4,76.6,18,14:30-15:30,5.5,-28.0,44.8
STU2026947,Electronics & Comm,2,7.22,80.4,57.4,4,12:30-13:30,3.2,28.5,93.9
STU2026948,Civil Eng,4,6.85,38.0,82.6,8,12:30-13:30,6.3,6.1,35.8
STU2026949,Computer Science,1,7.06,66.6,88.5,8,11:30-12:30,2.8,-16.4,76.9
STU2026950,Mechanical Eng,2,7.87,86.8,82.5,20,12:30-13:30,0.7,35.4,77.8
STU2026951,Civil Eng,1,5.71,62.2,59.0,18,14:30-15:30,2.7,-37.7,98.4
STU2026952,Civil Eng,3,9.69,100.0,85.2,6,11:30-12:30,1.2,-46.7,81.8
STU2026953,Civil Eng,4,8.02,80.5,91.6,4,13:30-14:30,2.5,2.5,74.4
STU2026954,Electronics & Comm,2,8.97,55.8,83.1,25,12:30-13:30,5.9,20.0,35.6
STU2026955,Information Tech,3,7.42,81.8,60.6,37,11:30-12:30,2.5,-7.0,88.1
STU2026956,Civil Eng,2,6.4,67.1,81.2,2,12:30-13:30,1.0,0.8,74.4
STU2026957,Mechanical Eng,1,7.65,71.0,74.6,13,12:30-13:30,1.7,-1.3,78.6
STU2026958,Electronics & Comm,4,6.61,69.5,75.4,5,11:30-12:30,2.3,3.5,95.4
STU2026959,Civil Eng,1,7.06,74.4,67.3,18,12:30-13:30,3.4,29.6,88.0
STU2026960,Mechanical Eng,3,5.86,35.0,72.8,22,11:30-12:30,3.7,-45.0,60.7
STU2026961,Electronics & Comm,1,6.16,68.2,59.5,16,12:30-13:30,3.1,22.4,86.5
STU2026962,Mechanical Eng,4,7.51,53.6,78.0,14,11:30-12:30,6.2,-7.3,33.8
STU2026963,Electronics & Comm,4,6.91,40.1,68.6,10,12:30-13:30,7.5,13.6,47.0
STU2026964,Information Tech,2,9.58,100.0,61.3,16,13:30-14:30,2.0,1.6,86.5
STU2026965,Mechanical Eng,4,9.71,100.0,64.2,10,12:30-13:30,2.0,21.1,70.7
STU2026966,Computer Science,2,5.8,64.9,72.4,36,12:30-13:30,2.6,31.6,90.7
STU2026967,Electronics & Comm,1,5.9,55.3,93.8,15,12:30-13:30,2.9,14.7,91.8
STU2026968,Information Tech,2,9.65,64.3,73.8,43,12:30-13:30,6.9,19.5,50.0
STU2026969,Computer Science,2,6.89,39.4,97.4,19,12:30-13:30,7.1,31.8,56.0
STU2026970,Electronics & Comm,4,9.22,64.8,59.9,16,11:30-12:30,7.3,2.0,44.2
STU2026971,Electronics & Comm,4,8.25,78.7,79.9,7,12:30-13:30,0.8,19.6,91.6
STU2026972,Electronics & Comm,3,6.4,40.2,63.2,11,12:30-13:30,5.3,31.8,63.4
STU2026973,Information Tech,1,8.51,60.6,82.9,18,12:30-13:30,3.7,34.9,44.4
STU2026974,Mechanical Eng,1,9.48,90.3,74.7,11,12:30-13:30,3.1,29.6,86.0
STU2026975,Civil Eng,3,8.52,64.6,95.3,4,13:30-14:30,6.8,-13.6,33.5
STU2026976,Information Tech,4,5.95,35.0,87.2,3,12:30-13:30,4.9,22.4,49.1
STU2026977,Civil Eng,2,6.46,65.4,74.5,16,11:30-12:30,3.2,-26.1,75.7
STU2026978,Civil Eng,1,9.54,65.7,88.6,15,12:30-13:30,4.1,22.6,39.4
STU2026979,Computer Science,4,5.64,35.0,56.1,12,13:30-14:30,6.0,-30.2,59.4
STU2026980,Information Tech,4,6.54,71.5,96.9,20,13:30-14:30,1.8,-25.3,88.7
STU2026981,Civil Eng,2,7.23,76.5,68.7,5,11:30-12:30,1.6,-14.5,76.7
STU2026982,Civil Eng,3,9.1,84.6,61.8,20,11:30-12:30,2.8,-39.9,72.7
STU2026983,Information Tech,1,7.96,51.1,56.1,7,13:30-14:30,5.6,-35.3,64.4
STU2026984,Electronics & Comm,3,6.33,39.5,91.1,3,12:30-13:30,5.6,6.3,58.2
STU2026985,Electronics & Comm,1,8.25,84.8,79.9,11,11:30-12:30,1.2,-34.1,83.3
STU2026986,Electronics & Comm,1,5.83,38.9,91.3,15,13:30-14:30,6.9,-44.1,37.3
STU2026987,Computer Science,2,8.46,90.0,71.1,15,11:30-12:30,2.7,-0.1,96.3
STU2026988,Information Tech,1,6.0,62.8,69.7,18,11:30-12:30,2.9,-8.7,98.9
STU2026989,Computer Science,2,8.11,58.8,78.0,43,12:30-13:30,4.1,3.9,56.6
STU2026990,Mechanical Eng,2,6.44,39.0,86.3,13,14:30-15:30,7.1,-10.5,39.4
STU2026991,Mechanical Eng,4,8.7,64.8,76.3,23,11:30-12:30,4.1,-3.2,44.0
STU2026992,Mechanical Eng,4,5.94,38.3,89.1,15,13:30-14:30,4.6,-1.2,35.8
STU2026993,Civil Eng,3,9.01,62.1,81.8,22,12:30-13:30,4.8,28.6,45.0
STU2026994,Civil Eng,2,9.32,95.4,96.2,18,13:30-14:30,2.3,-29.3,81.9
STU2026995,Computer Science,1,6.27,43.5,68.9,13,12:30-13:30,6.0,0.9,42.5
STU2026996,Mechanical Eng,1,5.54,35.0,84.6,9,12:30-13:30,5.5,18.0,37.5
STU2026997,Civil Eng,3,8.09,83.4,77.7,23,13:30-14:30,1.2,-44.0,78.1
STU2026998,Civil Eng,4,6.87,69.8,68.8,15,14:30-15:30,1.9,-41.7,93.3
STU2026999,Civil Eng,2,8.09,74.5,80.4,20,13:30-14:30,2.2,4.4,70.6
STU2027000,Civil Eng,3,6.06,62.3,96.6,2,12:30-13:30,0.8,-2.2,85.5
STU2027001,Computer Science,4,8.61,58.4,66.8,21,12:30-13:30,5.8,-3.1,44.0
STU2027002,Mechanical Eng,4,7.62,43.3,82.6,9,11:30-12:30,6.9,-45.5,59.5
STU2027003,Computer Science,2,5.95,39.0,68.9,43,11:30-12:30,5.3,-4.9,45.2
STU2027004,Information Tech,1,9.52,90.0,92.3,4,14:30-15:30,2.3,-34.0,92.8
STU2027005,Information Tech,4,6.66,62.2,62.3,20,13:30-14:30,1.5,-0.9,83.4
STU2027006,Civil Eng,4,8.37,84.4,77.4,25,12:30-13:30,2.2,14.8,83.9
STU2027007,Computer Science,3,8.79,84.8,85.6,42,12:30-13:30,3.0,3.4,94.2
STU2027008,Computer Science,1,9.68,100.0,57.6,5,11:30-12:30,0.6,-30.0,76.3
STU2027009,Information Tech,3,8.77,60.7,68.4,22,14:30-15:30,3.7,0.6,35.4
STU2027010,Civil Eng,4,9.23,68.5,77.1,11,11:30-12:30,6.0,2.4,36.6
STU2027011,Information Tech,1,6.13,35.0,92.7,2,11:30-12:30,5.7,-22.8,38.4
STU2027012,Information Tech,4,7.01,48.4,60.1,15,12:30-13:30,4.4,15.8,42.4
STU2027013,Computer Science,4,6.67,42.0,59.2,14,12:30-13:30,5.0,2.2,55.6
STU2027014,Mechanical Eng,4,7.73,72.4,59.7,3,11:30-12:30,0.8,-17.5,77.2
STU2027015,Electronics & Comm,1,7.79,52.9,66.8,9,12:30-13:30,6.7,25.1,54.5
STU2027016,Mechanical Eng,4,6.38,66.5,88.8,5,13:30-14:30,2.9,-38.2,78.4
STU2027017,Information Tech,4,8.68,57.2,91.7,12,11:30-12:30,5.3,-0.3,36.0
STU2027018,Electronics & Comm,1,8.36,90.1,73.4,2,11:30-12:30,0.6,-16.5,98.3
STU2027019,Civil Eng,1,7.6,78.0,65.6,9,14:30-15:30,1.3,-20.2,93.7
STU2027020,Electronics & Comm,2,8.83,61.5,59.3,19,12:30-13:30,6.1,5.6,41.7
STU2027021,Civil Eng,3,7.07,77.7,55.6,21,13:30-14:30,3.0,-22.3,90.6
STU2027022,Mechanical Eng,1,6.14,60.5,72.6,20,11:30-12:30,2.0,-8.7,98.8
STU2027023,Civil Eng,3,6.39,44.1,58.8,22,12:30-13:30,6.9,22.8,43.2
STU2027024,Civil Eng,2,6.64,41.8,84.2,11,14:30-15:30,6.7,-37.9,43.7
STU2027025,Information Tech,3,9.09,59.5,60.3,18,12:30-13:30,6.1,34.7,49.8
STU2027026,Civil Eng,2,7.51,46.4,61.5,11,12:30-13:30,7.3,-2.4,51.8
STU2027027,Mechanical Eng,1,7.45,48.4,64.3,13,11:30-12:30,6.3,-13.0,34.3
STU2027028,Computer Science,1,6.58,69.5,70.1,6,13:30-14:30,2.5,2.5,94.9
STU2027029,Mechanical Eng,2,9.78,74.6,63.5,13,12:30-13:30,4.6,5.2,32.8
STU2027030,Civil Eng,4,7.22,44.6,93.9,15,11:30-12:30,6.8,-12.0,62.2
STU2027031,Mechanical Eng,2,8.44,82.2,63.6,20,11:30-12:30,1.4,1.1,86.1
STU2027032,Civil Eng,2,7.12,46.0,92.7,23,12:30-13:30,3.6,24.2,34.9
STU2027033,Civil Eng,3,7.34,75.3,73.1,15,14:30-15:30,3.4,-43.3,70.8
STU2027034,Electronics & Comm,3,8.88,95.5,80.0,3,13:30-14:30,3.1,-8.0,88.0
STU2027035,Civil Eng,2,7.23,46.8,55.3,3,11:30-12:30,6.2,-33.7,60.6
STU2027036,Computer Science,3,8.06,48.6,90.3,33,11:30-12:30,4.5,-12.3,54.2
STU2027037,Computer Science,2,7.72,44.9,79.2,19,12:30-13:30,7.3,7.3,34.8
STU2027038,Mechanical Eng,1,8.96,85.1,81.8,18,13:30-14:30,1.9,-42.9,71.9
STU2027039,Electronics & Comm,1,7.54,54.8,90.8,7,12:30-13:30,3.6,28.6,31.9
STU2027040,Information Tech,3,9.03,64.3,84.3,20,12:30-13:30,6.5,0.8,51.6
STU2027041,Electronics & Comm,2,7.7,74.8,85.1,20,11:30-12:30,1.9,-21.9,83.9
STU2027042,Mechanical Eng,4,7.16,50.8,89.4,5,12:30-13:30,3.7,18.1,58.5
STU2027043,Computer Science,3,5.65,35.0,83.0,19,12:30-13:30,5.1,14.2,45.6
STU2027044,Civil Eng,3,5.54,35.0,61.8,18,14:30-15:30,4.0,-27.3,60.1
STU2027045,Computer Science,2,8.32,53.3,70.1,23,13:30-14:30,5.5,-6.4,41.9
STU2027046,Mechanical Eng,4,5.79,35.0,91.1,24,11:30-12:30,3.9,1.2,63.7
STU2027047,Information Tech,3,6.06,35.0,68.9,16,12:30-13:30,7.2,-3.8,42.2
STU2027048,Electronics & Comm,2,5.92,35.0,59.6,25,14:30-15:30,7.0,-5.8,46.7
STU2027049,Computer Science,2,8.63,66.1,71.5,16,12:30-13:30,7.3,29.7,62.3
STU2027050,Computer Science,4,8.78,63.6,81.1,14,12:30-13:30,6.4,0.5,62.3
STU2027051,Information Tech,2,6.34,35.0,76.1,31,12:30-13:30,5.3,28.2,37.9
STU2027052,Electronics & Comm,1,8.0,48.8,82.1,13,13:30-14:30,5.2,-7.0,37.1
STU2027053,Information Tech,1,6.97,43.3,84.3,8,11:30-12:30,7.2,-17.8,55.5
STU2027054,Civil Eng,3,7.03,45.2,93.7,4,12:30-13:30,6.5,18.3,58.1
STU2027055,Electronics & Comm,3,5.93,53.5,76.4,11,13:30-14:30,0.9,0.9,85.7
STU2027056,Mechanical Eng,4,8.52,64.8,57.9,18,12:30-13:30,6.6,33.2,63.9
STU2027057,Information Tech,3,7.22,46.5,57.4,23,14:30-15:30,5.4,-13.4,33.9
STU2027058,Computer Science,3,7.31,51.4,63.6,25,13:30-14:30,6.7,1.0,32.1
STU2027059,Computer Science,2,7.62,44.9,89.6,26,13:30-14:30,4.4,4.0,51.4
STU2027060,Civil Eng,1,9.32,87.9,75.6,9,12:30-13:30,1.4,21.7,91.0
STU2027061,Civil Eng,4,6.8,48.8,91.5,8,13:30-14:30,7.3,-19.7,30.8
STU2027062,Civil Eng,1,7.88,53.4,57.2,6,12:30-13:30,5.9,-0.3,54.3
STU2027063,Computer Science,3,7.01,50.2,69.8,28,11:30-12:30,6.9,-8.4,38.3
STU2027064,Information Tech,1,9.76,76.6,55.6,7,11:30-12:30,5.5,-33.0,58.4
STU2027065,Mechanical Eng,3,8.09,55.9,93.3,23,12:30-13:30,7.5,-1.9,34.5
STU2027066,Mechanical Eng,2,7.63,73.1,86.6,13,13:30-14:30,3.0,-6.6,96.5
STU2027067,Mechanical Eng,2,7.77,58.0,66.5,24,14:30-15:30,5.4,2.4,47.6
STU2027068,Civil Eng,3,5.84,35.9,94.2,5,12:30-13:30,6.4,10.3,48.2
STU2027069,Electronics & Comm,1,9.71,75.5,85.0,3,12:30-13:30,5.0,6.1,45.9
STU2027070,Information Tech,4,6.79,67.3,96.5,14,11:30-12:30,0.9,-27.6,94.8
STU2027071,Computer Science,2,6.38,62.1,62.9,26,12:30-13:30,3.5,33.4,71.5
STU2027072,Information Tech,3,9.47,63.6,94.0,41,12:30-13:30,6.2,20.5,50.7
STU2027073,Civil Eng,1,8.97,65.9,78.8,19,14:30-15:30,7.2,-23.4,62.6
STU2027074,Information Tech,3,6.2,41.9,71.4,40,11:30-12:30,5.7,-11.8,62.4
STU2027075,Mechanical Eng,1,9.79,91.5,88.2,10,12:30-13:30,2.6,22.0,86.6
STU2027076,Information Tech,1,6.03,56.8,79.4,16,12:30-13:30,2.7,-4.6,77.7
STU2027077,Computer Science,3,7.56,83.2,91.3,34,12:30-13:30,2.0,17.6,71.7
STU2027078,Computer Science,4,6.27,58.4,87.9,6,12:30-13:30,2.4,30.7,95.2
STU2027079,Computer Science,2,5.99,35.0,56.7,37,11:30-12:30,5.3,-35.9,60.1
STU2027080,Mechanical Eng,3,5.57,37.2,91.3,5,12:30-13:30,6.4,-1.8,48.9
STU2027081,Civil Eng,1,7.7,82.8,65.2,22,12:30-13:30,2.8,12.5,80.8
STU2027082,Mechanical Eng,2,5.61,63.4,81.1,11,12:30-13:30,3.0,20.5,98.3
STU2027083,Electronics & Comm,3,5.69,35.0,95.0,18,13:30-14:30,6.9,-10.1,30.9
STU2027084,Information Tech,3,9.54,73.4,71.3,35,13:30-14:30,4.6,-43.8,53.0
STU2027085,Computer Science,2,7.93,52.3,97.9,43,11:30-12:30,4.9,-20.0,55.7
STU2027086,Computer Science,4,8.33,85.3,77.4,12,14:30-15:30,2.7,-35.1,75.7
STU2027087,Mechanical Eng,2,7.46,79.1,87.2,13,13:30-14:30,1.3,-43.8,77.0
STU2027088,Information Tech,1,9.43,68.3,83.1,6,12:30-13:30,4.7,33.0,45.7
STU2027089,Electronics & Comm,4,8.4,59.7,83.6,15,11:30-12:30,4.7,-25.7,57.9
STU2027090,Electronics & Comm,4,8.22,62.9,88.2,10,11:30-12:30,6.8,-7.4,60.7
STU2027091,Civil Eng,1,6.04,69.0,56.5,18,11:30-12:30,3.5,0.7,90.0
STU2027092,Civil Eng,3,6.05,59.3,85.0,12,13:30-14:30,2.2,-16.7,78.5
STU2027093,Information Tech,1,9.77,71.1,56.9,16,12:30-13:30,5.7,25.4,42.4
STU2027094,Civil Eng,3,8.76,59.4,85.1,18,13:30-14:30,5.6,-43.6,55.3
STU2027095,Computer Science,3,8.4,88.2,74.5,39,12:30-13:30,2.7,-1.0,75.1
STU2027096,Mechanical Eng,4,6.97,38.6,79.3,12,12:30-13:30,6.8,10.7,50.3
STU2027097,Electronics & Comm,2,5.68,35.0,95.6,21,12:30-13:30,6.7,7.9,55.6
STU2027098,Mechanical Eng,3,6.21,41.5,67.4,10,14:30-15:30,3.9,4.4,37.8
STU2027099,Computer Science,2,8.37,88.3,61.1,43,11:30-12:30,1.9,-45.9,94.3
STU2027100,Information Tech,2,5.53,63.3,90.8,38,12:30-13:30,0.7,13.2,75.9
STU2027101,Electronics & Comm,4,6.77,42.6,59.7,10,12:30-13:30,5.4,-1.4,59.6
STU2027102,Electronics & Comm,3,8.65,91.7,60.0,12,13:30-14:30,3.0,-39.7,72.3
STU2027103,Mechanical Eng,3,7.45,45.5,86.6,3,13:30-14:30,5.2,-25.0,32.6
STU2027104,Information Tech,3,6.32,35.0,79.0,22,12:30-13:30,6.4,0.6,51.9
STU2027105,Civil Eng,2,8.4,88.3,66.4,8,12:30-13:30,1.6,21.0,93.6
STU2027106,Computer Science,2,5.51,35.0,57.9,23,12:30-13:30,4.4,20.1,37.3
STU2027107,Information Tech,2,8.24,58.8,75.8,24,12:30-13:30,5.1,22.4,36.3
STU2027108,Civil Eng,4,8.07,88.5,78.4,11,13:30-14:30,2.6,-25.8,76.3
STU2027109,Civil Eng,3,6.56,69.2,73.3,14,12:30-13:30,1.7,23.9,97.7
STU2027110,Civil Eng,4,8.08,77.4,84.6,15,13:30-14:30,0.7,-44.8,77.8
STU2027111,Mechanical Eng,3,8.4,60.9,72.7,17,11:30-12:30,6.2,-9.4,44.9
STU2027112,Mechanical Eng,1,6.83,46.8,72.6,21,12:30-13:30,4.5,20.0,35.8
STU2027113,Electronics & Comm,1,9.59,94.0,55.9,19,12:30-13:30,3.2,-2.4,92.6
STU2027114,Computer Science,2,7.06,77.1,63.5,40,12:30-13:30,1.6,1.6,85.5
STU2027115,Mechanical Eng,3,7.28,79.0,78.8,18,13:30-14:30,2.2,-42.6,70.4
STU2027116,Civil Eng,4,5.68,61.0,67.2,25,11:30-12:30,0.7,-41.4,88.3
STU2027117,Civil Eng,4,6.06,55.5,86.8,25,13:30-14:30,2.4,-26.0,72.5
STU2027118,Computer Science,2,5.91,65.8,80.3,28,13:30-14:30,3.2,-20.8,94.1
STU2027119,Computer Science,3,6.68,67.5,63.7,17,12:30-13:30,2.3,4.1,89.0
STU2027120,Civil Eng,3,7.58,56.8,94.0,14,12:30-13:30,4.2,34.0,38.6
STU2027121,Information Tech,1,7.44,74.6,79.8,5,12:30-13:30,0.7,21.4,92.4
STU2027122,Mechanical Eng,2,8.98,96.0,97.0,9,12:30-13:30,1.2,-1.6,74.9
STU2027123,Civil Eng,4,7.75,51.2,91.1,25,12:30-13:30,5.8,8.9,32.1
STU2027124,Electronics & Comm,1,6.88,72.8,79.3,17,13:30-14:30,3.3,-19.1,70.2
STU2027125,Mechanical Eng,2,6.88,35.5,85.5,5,11:30-12:30,4.1,-25.4,60.1
STU2027126,Computer Science,4,6.05,39.5,55.6,5,13:30-14:30,4.1,-45.9,34.3
STU2027127,Civil Eng,4,6.23,36.0,89.5,11,12:30-13:30,3.9,-0.2,56.2
STU2027128,Mechanical Eng,3,7.75,73.1,81.4,8,12:30-13:30,3.1,27.9,88.9
STU2027129,Mechanical Eng,3,7.53,83.7,64.1,7,14:30-15:30,2.8,-20.2,91.7
STU2027130,Civil Eng,1,6.87,50.2,62.7,8,13:30-14:30,3.8,-11.2,64.8
STU2027131,Information Tech,4,6.92,45.5,57.6,9,12:30-13:30,3.8,9.1,35.5
STU2027132,Computer Science,2,6.68,43.9,90.3,27,12:30-13:30,6.6,33.3,50.5
STU2027133,Information Tech,2,5.83,36.4,61.6,40,11:30-12:30,5.6,-20.3,39.8
STU2027134,Civil Eng,3,7.98,49.8,91.7,17,12:30-13:30,4.7,3.6,63.8
STU2027135,Computer Science,2,9.75,75.2,58.9,25,13:30-14:30,6.1,-43.9,35.1
STU2027136,Computer Science,2,7.7,50.6,73.9,32,11:30-12:30,5.2,-27.2,41.4
STU2027137,Civil Eng,4,7.03,73.0,91.1,7,12:30-13:30,2.7,33.8,72.3
STU2027138,Mechanical Eng,2,9.11,61.3,79.1,15,12:30-13:30,3.9,21.7,57.6
STU2027139,Electronics & Comm,1,9.22,66.2,91.8,8,12:30-13:30,5.9,10.7,42.1
STU2027140,Electronics & Comm,1,6.34,62.1,70.5,10,14:30-15:30,1.9,-21.4,87.0
STU2027141,Computer Science,3,5.64,35.0,66.8,35,12:30-13:30,3.9,-2.7,31.5
STU2027142,Information Tech,1,9.21,65.1,94.9,22,12:30-13:30,7.5,25.8,52.1
STU2027143,Computer Science,1,7.09,49.7,81.4,4,13:30-14:30,5.5,-25.8,54.7
STU2027144,Computer Science,1,7.41,71.8,85.6,22,13:30-14:30,2.7,-15.5,94.9
STU2027145,Computer Science,3,9.1,97.8,91.5,45,12:30-13:30,2.7,10.0,90.6
STU2027146,Computer Science,4,7.29,77.9,83.7,10,11:30-12:30,0.9,-43.5,75.6
STU2027147,Civil Eng,1,6.68,37.3,63.5,2,13:30-14:30,4.0,-31.5,36.1
STU2027148,Information Tech,3,6.01,35.0,75.0,44,11:30-12:30,6.4,-43.2,33.0
STU2027149,Computer Science,2,6.87,62.5,81.9,29,12:30-13:30,0.6,-1.7,74.9
STU2027150,Electronics & Comm,3,9.1,60.1,82.6,3,11:30-12:30,6.8,-27.9,36.7
STU2027151,Mechanical Eng,2,6.7,64.8,79.3,11,11:30-12:30,3.4,-34.3,94.2
STU2027152,Civil Eng,3,5.9,60.7,70.3,23,13:30-14:30,3.0,-3.9,92.4
STU2027153,Computer Science,4,6.17,35.0,79.5,11,12:30-13:30,7.5,3.5,45.2
STU2027154,Information Tech,3,5.89,53.2,88.3,36,11:30-12:30,2.3,-14.6,83.6
STU2027155,Civil Eng,2,7.51,42.8,68.9,5,12:30-13:30,4.4,20.8,53.0
STU2027156,Computer Science,2,7.31,40.7,69.4,29,12:30-13:30,5.0,17.4,33.5
STU2027157,Computer Science,4,8.98,64.3,74.6,10,13:30-14:30,4.5,-9.7,45.2
STU2027158,Information Tech,3,7.57,72.7,72.2,44,14:30-15:30,0.8,-21.1,96.9
STU2027159,Civil Eng,4,8.83,89.2,96.0,21,14:30-15:30,3.3,3.2,70.8
STU2027160,Information Tech,2,9.59,100.0,79.4,17,11:30-12:30,1.5,-31.6,89.2
STU2027161,Electronics & Comm,3,7.47,81.5,62.1,4,12:30-13:30,0.5,2.6,74.3
STU2027162,Electronics & Comm,4,5.89,35.3,65.5,13,12:30-13:30,5.3,-0.9,59.6
STU2027163,Information Tech,4,8.5,55.2,94.3,5,13:30-14:30,5.2,-27.5,59.1
STU2027164,Mechanical Eng,2,7.22,78.8,69.1,19,12:30-13:30,2.5,-2.1,89.6
STU2027165,Civil Eng,1,6.45,41.2,81.2,21,13:30-14:30,5.9,-16.2,42.9
STU2027166,Civil Eng,1,8.28,82.7,60.9,22,12:30-13:30,1.8,2.4,76.1
STU2027167,Electronics & Comm,3,6.84,35.7,84.0,14,11:30-12:30,3.9,-11.8,39.1
STU2027168,Computer Science,4,8.97,64.1,69.9,7,13:30-14:30,5.6,-31.1,53.0
STU2027169,Information Tech,4,8.45,58.9,55.5,15,11:30-12:30,5.1,-34.3,53.5
STU2027170,Computer Science,4,7.66,43.2,88.6,7,11:30-12:30,5.5,4.0,59.5
STU2027171,Information Tech,4,9.24,96.2,58.4,18,12:30-13:30,0.5,28.3,97.5
STU2027172,Civil Eng,4,5.71,56.5,67.1,23,13:30-14:30,1.4,-28.4,84.2
STU2027173,Civil Eng,3,8.4,81.7,88.0,16,12:30-13:30,0.7,8.3,77.7
STU2027174,Computer Science,1,7.04,50.6,56.6,25,11:30-12:30,5.7,-40.3,38.7
STU2027175,Civil Eng,4,9.34,59.9,69.9,25,14:30-15:30,3.7,-4.5,51.6
STU2027176,Information Tech,4,5.67,61.4,69.0,5,13:30-14:30,0.8,-27.8,87.7
STU2027177,Computer Science,3,9.49,100.0,87.2,35,12:30-13:30,3.5,25.5,70.6
STU2027178,Computer Science,4,9.65,67.4,89.1,9,12:30-13:30,4.5,23.5,64.8
STU2027179,Computer Science,3,7.97,50.4,64.3,31,11:30-12:30,7.0,-12.4,39.6
STU2027180,Information Tech,4,9.41,87.5,84.2,6,12:30-13:30,2.4,6.3,81.8
STU2027181,Civil Eng,3,5.92,35.0,64.7,21,13:30-14:30,5.5,-4.2,37.7
STU2027182,Information Tech,4,8.23,75.8,69.1,13,12:30-13:30,3.2,28.7,97.0
STU2027183,Electronics & Comm,4,9.17,66.3,76.5,23,12:30-13:30,4.2,29.9,36.0
STU2027184,Computer Science,4,7.91,78.1,69.8,12,12:30-13:30,2.0,13.5,98.6
STU2027185,Civil Eng,1,6.17,37.4,80.2,11,13:30-14:30,4.9,-18.5,49.8
STU2027186,Civil Eng,2,7.11,66.5,78.1,8,12:30-13:30,3.1,35.7,97.5
STU2027187,Information Tech,3,6.27,38.5,61.8,39,12:30-13:30,5.9,3.9,55.7
STU2027188,Information Tech,3,6.87,76.7,70.6,25,13:30-14:30,1.2,-21.4,95.7
STU2027189,Information Tech,4,6.47,35.0,72.4,7,11:30-12:30,5.8,-26.8,40.0
STU2027190,Computer Science,3,8.78,59.7,83.2,28,12:30-13:30,5.3,11.8,33.4
STU2027191,Computer Science,2,6.1,35.0,81.7,25,14:30-15:30,7.5,-15.7,51.0
STU2027192,Electronics & Comm,4,8.44,89.6,95.9,18,12:30-13:30,0.7,30.4,87.4
STU2027193,Electronics & Comm,4,7.09,78.3,92.6,11,12:30-13:30,1.7,-2.3,97.2
STU2027194,Computer Science,2,7.98,57.2,74.7,29,11:30-12:30,5.3,-21.5,45.5
STU2027195,Computer Science,3,9.25,86.7,94.1,36,13:30-14:30,2.2,-12.1,90.9
STU2027196,Information Tech,4,9.21,96.0,58.0,21,11:30-12:30,3.4,-13.7,77.5
STU2027197,Information Tech,1,7.39,79.8,90.6,3,13:30-14:30,0.9,-28.7,93.5
STU2027198,Information Tech,4,7.34,79.3,60.3,5,13:30-14:30,1.5,-9.7,77.6
STU2027199,Mechanical Eng,4,8.32,80.5,61.1,24,12:30-13:30,2.2,-2.0,84.0
STU2027200,Civil Eng,2,8.76,61.5,69.7,10,12:30-13:30,5.3,19.4,41.6
STU2027201,Electronics & Comm,2,7.74,47.8,56.1,24,12:30-13:30,6.7,1.5,49.7
STU2027202,Mechanical Eng,4,8.57,80.9,84.0,14,12:30-13:30,1.6,5.5,93.4
STU2027203,Electronics & Comm,1,9.16,90.2,80.1,18,12:30-13:30,1.5,11.6,70.3
STU2027204,Information Tech,2,9.68,69.1,82.7,44,12:30-13:30,4.6,14.9,47.5
STU2027205,Electronics & Comm,4,6.25,61.4,93.6,9,12:30-13:30,0.6,1.2,97.5
STU2027206,Information Tech,1,8.29,50.2,70.3,18,13:30-14:30,3.7,-0.4,61.9
STU2027207,Electronics & Comm,3,8.36,77.9,72.1,19,12:30-13:30,1.2,29.7,79.6
STU2027208,Information Tech,1,9.67,73.0,57.4,24,13:30-14:30,4.5,1.6,38.7
STU2027209,Electronics & Comm,2,8.47,86.3,74.6,8,11:30-12:30,0.8,-9.1,87.7
STU2027210,Computer Science,2,7.75,79.7,57.6,32,12:30-13:30,2.1,31.1,87.0
STU2027211,Computer Science,3,8.9,62.4,58.1,33,11:30-12:30,3.8,-36.6,45.5
STU2027212,Civil Eng,3,7.95,47.2,80.0,8,13:30-14:30,6.5,-16.8,33.9
STU2027213,Information Tech,4,9.77,100.0,65.8,17,12:30-13:30,3.4,16.1,77.9
STU2027214,Mechanical Eng,3,9.23,90.1,65.7,7,12:30-13:30,2.4,15.0,86.3
STU2027215,Mechanical Eng,4,7.63,56.1,62.7,12,13:30-14:30,5.8,-14.2,53.6
STU2027216,Information Tech,2,6.33,61.6,59.7,30,13:30-14:30,2.1,-42.5,78.9
STU2027217,Mechanical Eng,2,7.96,84.8,61.6,21,13:30-14:30,1.6,-12.9,92.2
STU2027218,Mechanical Eng,4,8.31,50.0,88.9,11,12:30-13:30,6.0,10.2,39.4
STU2027219,Mechanical Eng,3,8.62,87.9,90.7,2,13:30-14:30,2.7,-7.6,78.9
STU2027220,Civil Eng,1,9.67,65.4,70.2,24,11:30-12:30,6.1,-37.3,64.1
STU2027221,Mechanical Eng,3,9.08,92.4,56.0,8,13:30-14:30,3.5,-15.3,81.1
STU2027222,Civil Eng,3,5.96,64.2,65.5,3,12:30-13:30,2.8,27.0,83.9
STU2027223,Civil Eng,4,6.57,46.6,97.4,19,12:30-13:30,4.6,10.1,32.1
STU2027224,Mechanical Eng,1,7.53,79.8,92.9,6,13:30-14:30,1.0,-16.7,98.3
STU2027225,Information Tech,2,7.92,82.5,73.8,41,12:30-13:30,2.8,6.9,85.9
STU2027226,Computer Science,2,8.82,64.1,57.9,43,13:30-14:30,6.0,-7.0,54.9
STU2027227,Electronics & Comm,2,6.88,77.0,64.8,21,12:30-13:30,3.0,25.7,75.8
STU2027228,Computer Science,2,6.01,54.6,72.7,44,12:30-13:30,3.3,35.6,84.1
STU2027229,Mechanical Eng,1,7.93,55.4,97.8,11,12:30-13:30,7.2,18.6,60.6
STU2027230,Computer Science,1,7.93,48.4,96.9,4,13:30-14:30,6.0,-17.6,48.6
STU2027231,Civil Eng,2,8.73,87.3,88.0,25,13:30-14:30,3.5,-39.9,78.0
STU2027232,Mechanical Eng,1,6.28,35.0,79.7,2,14:30-15:30,3.7,-26.7,57.3
STU2027233,Mechanical Eng,1,8.18,77.4,71.8,20,13:30-14:30,0.6,-12.2,79.3
STU2027234,Mechanical Eng,4,8.31,50.5,63.6,20,13:30-14:30,6.3,-39.9,62.4
STU2027235,Electronics & Comm,2,6.83,49.3,59.3,13,11:30-12:30,4.2,2.6,63.1
STU2027236,Mechanical Eng,3,9.49,100.0,83.3,8,12:30-13:30,1.9,26.7,74.7
STU2027237,Computer Science,2,9.27,86.2,95.6,42,13:30-14:30,1.4,-8.8,97.5
STU2027238,Civil Eng,1,7.42,79.9,72.2,7,11:30-12:30,1.9,-21.1,81.0
STU2027239,Information Tech,1,6.2,38.5,64.0,15,14:30-15:30,7.1,-37.9,55.9
STU2027240,Computer Science,3,7.56,51.1,76.9,45,12:30-13:30,7.1,30.2,30.6
STU2027241,Mechanical Eng,3,9.57,93.3,91.0,4,14:30-15:30,3.5,-13.5,94.6
STU2027242,Civil Eng,4,5.57,37.2,96.5,7,13:30-14:30,5.6,-18.1,61.4
STU2027243,Electronics & Comm,2,6.1,57.9,75.2,11,13:30-14:30,0.8,-28.3,87.3
STU2027244,Civil Eng,2,7.3,42.2,62.5,13,12:30-13:30,4.1,31.0,35.3
STU2027245,Computer Science,2,5.63,62.8,63.8,15,12:30-13:30,3.3,27.1,80.8
STU2027246,Mechanical Eng,1,9.32,72.8,56.5,21,12:30-13:30,6.6,24.6,62.0
STU2027247,Electronics & Comm,2,5.93,54.1,70.0,16,14:30-15:30,2.1,4.1,82.2
STU2027248,Information Tech,4,6.08,35.7,80.9,6,14:30-15:30,5.0,-30.9,40.9
STU2027249,Information Tech,3,9.61,100.0,83.7,19,12:30-13:30,1.2,4.0,84.3
STU2027250,Electronics & Comm,2,6.47,71.7,58.5,9,11:30-12:30,1.2,-34.7,81.7
STU2027251,Mechanical Eng,3,8.55,51.4,74.9,6,12:30-13:30,4.6,8.4,48.1
STU2027252,Mechanical Eng,2,7.99,79.1,95.2,8,11:30-12:30,0.7,3.9,96.3
STU2027253,Computer Science,2,8.23,75.8,90.9,42,12:30-13:30,2.2,9.1,81.5
STU2027254,Information Tech,4,7.44,53.9,64.2,18,12:30-13:30,4.8,32.9,49.1
STU2027255,Mechanical Eng,2,6.6,37.8,89.7,12,12:30-13:30,3.9,26.3,49.2
STU2027256,Mechanical Eng,1,8.86,83.2,73.3,5,14:30-15:30,0.7,-41.6,85.8
STU2027257,Mechanical Eng,2,9.26,71.7,68.2,18,13:30-14:30,3.6,-38.3,64.5
STU2027258,Information Tech,2,6.11,35.0,84.3,39,12:30-13:30,5.9,1.2,37.0
STU2027259,Information Tech,1,8.94,90.6,70.6,5,12:30-13:30,2.1,22.9,97.5
STU2027260,Information Tech,2,9.13,93.6,87.3,23,13:30-14:30,1.6,-45.4,97.3
STU2027261,Civil Eng,3,7.18,70.2,77.4,11,13:30-14:30,3.4,-48.0,83.8
STU2027262,Mechanical Eng,3,6.4,35.0,86.5,17,11:30-12:30,4.7,-4.4,32.3
STU2027263,Electronics & Comm,4,8.88,94.5,82.8,10,11:30-12:30,3.2,-40.6,75.6
STU2027264,Civil Eng,1,8.62,64.8,80.2,12,12:30-13:30,5.2,-4.6,37.2
STU2027265,Computer Science,3,7.75,52.1,88.2,32,13:30-14:30,4.7,-8.6,38.1
STU2027266,Civil Eng,2,5.8,36.0,97.1,14,14:30-15:30,6.9,-3.6,41.9
STU2027267,Mechanical Eng,1,8.2,88.3,73.3,11,12:30-13:30,1.7,4.2,90.6
STU2027268,Computer Science,1,9.79,65.0,80.9,24,12:30-13:30,4.7,34.5,42.7
STU2027269,Civil Eng,1,8.24,79.9,92.2,18,12:30-13:30,2.5,8.5,91.0
STU2027270,Mechanical Eng,3,5.86,35.0,59.3,23,12:30-13:30,6.1,5.9,38.5
STU2027271,Civil Eng,4,8.11,60.4,92.4,22,13:30-14:30,5.2,2.6,31.5
STU2027272,Information Tech,1,6.01,67.5,87.9,14,12:30-13:30,3.0,24.4,89.5
STU2027273,Computer Science,3,8.28,63.1,73.9,40,12:30-13:30,3.7,20.8,60.2
STU2027274,Civil Eng,1,6.43,41.7,62.8,2,12:30-13:30,4.9,24.9,41.5
STU2027275,Mechanical Eng,3,9.02,64.0,69.8,16,11:30-12:30,7.3,-10.9,38.7
STU2027276,Mechanical Eng,2,6.4,39.8,88.1,7,12:30-13:30,4.3,29.6,41.3
STU2027277,Computer Science,3,7.01,46.8,78.1,44,12:30-13:30,6.1,24.6,63.8
STU2027278,Civil Eng,3,8.17,49.8,82.5,12,12:30-13:30,5.8,28.0,37.1
STU2027279,Mechanical Eng,2,9.63,100.0,68.9,19,13:30-14:30,1.3,-32.3,86.9
STU2027280,Information Tech,2,7.21,74.6,84.9,27,13:30-14:30,1.9,-2.8,72.6
STU2027281,Electronics & Comm,3,7.79,44.7,72.1,11,13:30-14:30,6.9,-15.5,33.6
STU2027282,Computer Science,3,9.8,100.0,74.0,30,12:30-13:30,0.8,4.2,85.9
STU2027283,Electronics & Comm,2,9.26,68.5,73.9,21,14:30-15:30,6.2,-22.4,35.1
STU2027284,Civil Eng,4,7.89,80.1,97.9,20,12:30-13:30,1.8,31.4,75.4
STU2027285,Civil Eng,3,8.54,60.6,97.2,9,14:30-15:30,6.1,-31.0,39.2
STU2027286,Mechanical Eng,1,9.62,72.7,60.8,6,12:30-13:30,6.5,-1.0,64.5
STU2027287,Information Tech,4,7.8,53.9,59.5,19,13:30-14:30,6.3,-4.5,38.0
STU2027288,Electronics & Comm,4,6.66,39.4,91.0,7,11:30-12:30,3.7,-46.8,45.3
STU2027289,Civil Eng,1,9.35,68.5,75.5,10,14:30-15:30,5.4,-17.8,32.2
STU2027290,Computer Science,4,7.35,77.0,87.9,24,12:30-13:30,1.4,22.7,81.5
STU2027291,Mechanical Eng,2,7.95,52.4,92.7,12,12:30-13:30,7.1,30.4,35.0
STU2027292,Information Tech,1,8.56,88.1,70.4,25,12:30-13:30,1.3,1.6,98.3
STU2027293,Electronics & Comm,2,9.71,76.8,88.3,25,14:30-15:30,7.4,-41.7,59.3
STU2027294,Computer Science,1,9.57,69.8,79.7,6,12:30-13:30,7.1,29.7,43.6
STU2027295,Electronics & Comm,1,6.84,63.4,62.6,8,12:30-13:30,3.5,4.3,77.3
STU2027296,Computer Science,3,7.44,68.8,59.0,36,12:30-13:30,2.3,10.3,95.5
STU2027297,Electronics & Comm,1,9.64,89.9,77.8,20,14:30-15:30,0.5,-28.1,81.2
STU2027298,Computer Science,2,6.31,62.0,81.7,44,13:30-14:30,1.8,-39.8,76.3
STU2027299,Mechanical Eng,2,9.33,71.4,85.4,2,13:30-14:30,6.7,-15.0,36.2
STU2027300,Information Tech,1,8.97,85.6,68.4,5,12:30-13:30,2.5,15.4,80.1
STU2027301,Information Tech,2,9.79,69.8,94.6,29,12:30-13:30,7.1,33.7,62.5
STU2027302,Information Tech,1,6.95,65.9,70.7,13,12:30-13:30,2.2,-2.6,93.7
STU2027303,Civil Eng,1,9.15,63.5,58.9,18,13:30-14:30,5.1,-27.1,61.9
STU2027304,Information Tech,2,6.72,39.4,60.8,27,12:30-13:30,5.8,-1.6,40.3
STU2027305,Computer Science,4,5.95,35.0,79.1,23,13:30-14:30,4.8,-11.0,40.7
STU2027306,Information Tech,1,6.31,36.4,58.8,12,11:30-12:30,6.7,-8.8,56.2
STU2027307,Information Tech,1,5.7,51.6,68.0,15,13:30-14:30,1.8,-8.9,98.0
STU2027308,Information Tech,2,7.69,77.2,84.3,22,11:30-12:30,0.8,-10.2,76.2
STU2027309,Computer Science,2,7.63,51.8,79.6,18,14:30-15:30,4.8,1.0,31.6
STU2027310,Computer Science,2,8.34,82.6,94.4,44,12:30-13:30,2.8,29.3,75.1
STU2027311,Computer Science,2,6.11,36.7,65.6,42,12:30-13:30,5.2,32.0,60.9
STU2027312,Mechanical Eng,2,9.54,75.5,83.1,14,13:30-14:30,6.9,-33.3,44.3
STU2027313,Electronics & Comm,4,6.59,36.1,55.4,24,11:30-12:30,5.3,-36.2,31.5
STU2027314,Computer Science,1,6.18,58.1,89.0,23,13:30-14:30,1.0,-10.1,85.6
STU2027315,Civil Eng,3,7.81,57.4,67.2,8,13:30-14:30,4.5,2.4,33.8
STU2027316,Information Tech,4,6.36,59.0,77.3,14,11:30-12:30,0.7,-38.2,83.9
STU2027317,Computer Science,2,7.37,43.5,70.9,31,12:30-13:30,5.7,26.4,45.5
STU2027318,Electronics & Comm,2,8.62,92.4,56.9,7,12:30-13:30,0.6,9.4,74.4
STU2027319,Electronics & Comm,1,7.18,68.1,61.6,23,11:30-12:30,2.5,-9.8,71.8
STU2027320,Computer Science,4,5.8,37.9,65.6,3,14:30-15:30,4.2,-42.1,49.5
STU2027321,Computer Science,4,7.73,53.6,55.8,5,11:30-12:30,5.5,-11.7,55.3
STU2027322,Computer Science,4,5.51,61.9,57.5,3,13:30-14:30,3.2,-18.1,86.4
STU2027323,Computer Science,1,8.29,59.5,94.2,16,12:30-13:30,7.1,32.3,52.6
STU2027324,Electronics & Comm,4,8.13,48.4,69.8,19,11:30-12:30,7.4,-1.4,45.9
STU2027325,Electronics & Comm,2,6.73,45.1,86.4,25,11:30-12:30,7.2,-46.9,43.6
STU2027326,Mechanical Eng,2,5.68,35.0,72.6,22,11:30-12:30,6.7,-29.3,59.8
STU2027327,Civil Eng,4,9.3,66.4,74.8,23,12:30-13:30,3.7,11.4,63.3
STU2027328,Information Tech,2,6.56,36.4,85.6,26,13:30-14:30,4.5,-0.3,63.2
STU2027329,Information Tech,4,7.11,72.8,68.2,21,12:30-13:30,3.2,11.9,83.6
STU2027330,Electronics & Comm,2,6.95,44.5,93.3,2,14:30-15:30,5.1,-11.2,62.8
STU2027331,Civil Eng,2,6.68,42.4,87.1,8,13:30-14:30,4.4,-40.0,35.5
STU2027332,Mechanical Eng,4,6.56,38.2,86.8,18,13:30-14:30,5.8,-9.0,47.0
STU2027333,Computer Science,1,8.88,82.8,58.7,12,13:30-14:30,0.6,1.4,95.0
STU2027334,Mechanical Eng,2,8.7,89.6,96.2,16,12:30-13:30,2.7,14.5,71.9
STU2027335,Electronics & Comm,3,6.8,64.1,89.5,21,11:30-12:30,1.6,-26.3,95.5
STU2027336,Information Tech,4,8.51,64.1,67.1,16,14:30-15:30,6.4,-42.9,38.7
STU2027337,Computer Science,2,9.28,64.4,75.3,26,14:30-15:30,3.8,1.3,56.8
STU2027338,Information Tech,2,7.42,50.3,55.9,17,12:30-13:30,3.9,31.3,53.5
STU2027339,Computer Science,2,6.08,69.5,67.9,36,13:30-14:30,3.3,-37.6,74.3
STU2027340,Mechanical Eng,3,8.56,90.9,95.8,20,11:30-12:30,1.1,-25.9,87.5
STU2027341,Electronics & Comm,3,9.16,98.5,63.3,7,12:30-13:30,2.5,-2.9,85.1
STU2027342,Electronics & Comm,3,6.63,74.9,97.8,23,12:30-13:30,2.9,-1.7,77.9
STU2027343,Information Tech,1,6.06,42.3,97.1,17,12:30-13:30,4.9,10.6,55.7
STU2027344,Computer Science,3,8.5,54.0,69.4,25,12:30-13:30,6.1,0.4,59.9
STU2027345,Mechanical Eng,3,7.88,86.0,76.0,23,11:30-12:30,2.4,0.4,96.5
STU2027346,Information Tech,1,5.6,35.5,60.5,20,11:30-12:30,5.8,-5.5,38.5
STU2027347,Computer Science,1,5.54,35.0,55.6,22,11:30-12:30,6.1,3.2,60.5
STU2027348,Civil Eng,3,8.88,85.0,59.6,4,13:30-14:30,1.4,-38.2,90.4
STU2027349,Computer Science,1,7.36,72.9,84.5,8,12:30-13:30,2.0,14.5,90.8
STU2027350,Electronics & Comm,4,8.1,87.4,63.0,7,11:30-12:30,2.5,-21.1,89.6
STU2027351,Computer Science,2,9.69,74.2,66.3,39,11:30-12:30,6.6,-44.0,50.1
STU2027352,Electronics & Comm,3,8.75,85.2,64.8,22,12:30-13:30,3.3,6.7,94.2
STU2027353,Civil Eng,3,9.05,56.5,86.6,7,12:30-13:30,4.2,-2.3,52.9
STU2027354,Computer Science,4,6.98,50.1,86.5,24,13:30-14:30,4.8,-24.4,58.6
STU2027355,Computer Science,3,8.03,83.9,94.4,23,11:30-12:30,3.0,-9.5,89.8
STU2027356,Mechanical Eng,4,7.04,71.3,89.9,25,12:30-13:30,3.1,2.8,78.7
STU2027357,Information Tech,2,5.68,35.0,70.2,27,13:30-14:30,3.8,-23.4,46.2
STU2027358,Civil Eng,4,6.16,68.5,86.7,14,13:30-14:30,3.2,4.5,97.5
STU2027359,Electronics & Comm,4,7.07,49.9,73.7,8,14:30-15:30,6.2,-43.0,61.7
STU2027360,Civil Eng,4,6.14,59.7,69.5,19,14:30-15:30,0.7,-33.3,81.4
STU2027361,Electronics & Comm,4,8.11,81.8,76.5,13,12:30-13:30,3.5,34.4,94.7
STU2027362,Computer Science,3,8.54,86.1,81.1,30,12:30-13:30,1.5,-4.5,85.0
STU2027363,Mechanical Eng,2,6.96,42.1,68.4,12,12:30-13:30,4.8,24.7,51.4
STU2027364,Electronics & Comm,3,7.93,76.4,75.4,24,14:30-15:30,0.6,-35.6,80.7
STU2027365,Mechanical Eng,4,8.88,66.4,78.9,12,11:30-12:30,4.5,-6.6,41.6
STU2027366,Information Tech,2,8.54,57.7,81.2,25,13:30-14:30,6.2,-20.9,38.7
STU2027367,Computer Science,4,8.73,89.6,81.8,25,13:30-14:30,1.1,-33.9,84.2
STU2027368,Civil Eng,4,8.84,94.3,89.0,9,11:30-12:30,2.4,-36.2,74.1
STU2027369,Computer Science,3,7.03,37.4,81.7,25,12:30-13:30,4.4,19.8,57.4
STU2027370,Information Tech,2,9.04,69.1,82.8,38,13:30-14:30,7.2,-1.1,50.9
STU2027371,Information Tech,3,6.57,42.9,71.2,24,12:30-13:30,5.4,-4.0,59.8
STU2027372,Civil Eng,1,7.09,46.6,88.4,16,11:30-12:30,7.5,-7.8,45.6
STU2027373,Computer Science,3,7.46,47.1,63.5,15,12:30-13:30,4.7,0.1,40.0
STU2027374,Mechanical Eng,4,7.09,42.9,68.6,14,12:30-13:30,5.5,2.3,49.3
STU2027375,Information Tech,1,8.27,55.9,68.9,24,13:30-14:30,5.8,-41.0,31.4
STU2027376,Computer Science,1,6.1,56.2,59.4,13,12:30-13:30,1.6,8.9,90.7
STU2027377,Civil Eng,3,8.73,58.3,76.2,6,12:30-13:30,4.3,17.5,48.4
STU2027378,Computer Science,2,7.43,52.0,60.0,32,12:30-13:30,6.9,-4.0,39.1
STU2027379,Electronics & Comm,4,5.68,63.7,64.4,12,12:30-13:30,2.1,10.9,74.4
STU2027380,Civil Eng,1,7.69,76.6,67.5,8,11:30-12:30,0.7,-16.7,90.7
STU2027381,Electronics & Comm,2,8.01,55.6,55.3,7,13:30-14:30,5.4,-26.9,50.4
STU2027382,Electronics & Comm,1,9.44,95.2,87.0,8,11:30-12:30,2.5,-8.0,86.1
STU2027383,Mechanical Eng,3,6.34,63.9,93.6,22,12:30-13:30,3.2,22.5,88.9
STU2027384,Civil Eng,2,6.29,35.0,56.8,20,12:30-13:30,6.1,25.2,56.0
STU2027385,Mechanical Eng,2,9.31,95.6,90.2,10,12:30-13:30,3.0,3.9,71.6
STU2027386,Computer Science,3,5.55,35.0,90.7,25,12:30-13:30,6.5,13.8,37.2
STU2027387,Civil Eng,2,9.46,64.9,75.6,4,14:30-15:30,4.7,-15.3,57.8
STU2027388,Computer Science,1,8.16,58.0,91.9,20,12:30-13:30,7.1,34.4,62.6
STU2027389,Computer Science,1,7.08,46.7,82.8,22,12:30-13:30,7.3,-4.1,56.0
STU2027390,Computer Science,1,6.8,37.6,66.3,22,12:30-13:30,7.0,25.5,61.1
STU2027391,Computer Science,4,6.25,35.0,59.8,10,12:30-13:30,5.6,6.1,45.9
STU2027392,Information Tech,4,5.77,57.2,84.7,15,11:30-12:30,2.0,-4.0,81.5
STU2027393,Civil Eng,2,9.68,100.0,79.8,11,12:30-13:30,0.8,24.5,71.8
STU2027394,Electronics & Comm,3,5.6,35.0,66.7,22,11:30-12:30,6.6,-45.7,38.2
STU2027395,Information Tech,4,7.9,48.9,85.2,4,12:30-13:30,6.0,19.5,55.0
STU2027396,Civil Eng,4,7.84,51.4,71.1,22,12:30-13:30,6.8,9.2,55.4
STU2027397,Electronics & Comm,4,7.1,42.4,97.3,23,13:30-14:30,5.9,-19.3,35.2
STU2027398,Mechanical Eng,4,5.87,62.2,65.9,19,12:30-13:30,1.5,30.3,96.8
STU2027399,Electronics & Comm,1,6.98,46.2,94.5,25,12:30-13:30,7.4,1.5,35.1
STU2027400,Information Tech,2,9.7,64.8,89.1,31,13:30-14:30,6.3,-19.2,43.9
STU2027401,Information Tech,1,7.97,49.6,66.0,12,12:30-13:30,4.4,15.1,63.0
STU2027402,Mechanical Eng,3,7.86,51.0,72.0,24,13:30-14:30,5.1,-8.2,43.7
STU2027403,Computer Science,2,8.25,60.6,74.5,40,11:30-12:30,6.3,3.4,61.3
STU2027404,Computer Science,4,6.12,37.0,58.1,19,13:30-14:30,7.2,-14.2,38.5
STU2027405,Electronics & Comm,1,5.57,59.8,67.7,16,11:30-12:30,1.9,2.4,94.0
STU2027406,Civil Eng,3,8.34,58.6,55.5,21,12:30-13:30,4.7,19.2,42.0
STU2027407,Civil Eng,1,8.42,61.2,97.0,14,12:30-13:30,4.0,25.9,42.3
STU2027408,Computer Science,4,8.46,85.3,81.7,3,11:30-12:30,3.0,3.0,98.2
STU2027409,Computer Science,4,6.58,69.0,59.0,14,11:30-12:30,2.2,-8.3,94.1
STU2027410,Electronics & Comm,4,5.65,35.4,68.3,2,12:30-13:30,5.9,23.0,59.9
STU2027411,Information Tech,1,9.52,65.0,74.1,19,12:30-13:30,4.0,21.8,46.2
STU2027412,Computer Science,3,8.02,56.8,85.0,24,11:30-12:30,3.9,-16.1,61.6
STU2027413,Civil Eng,1,8.45,81.5,96.6,25,12:30-13:30,1.0,28.1,84.0
STU2027414,Electronics & Comm,4,5.69,63.4,62.9,16,12:30-13:30,2.9,28.1,89.8
STU2027415,Computer Science,1,6.21,43.6,60.7,24,12:30-13:30,7.4,12.6,51.2
STU2027416,Information Tech,3,8.23,54.8,59.6,17,12:30-13:30,3.8,-1.4,39.8
STU2027417,Mechanical Eng,4,7.23,51.9,94.5,20,11:30-12:30,6.8,-38.1,60.6
STU2027418,Electronics & Comm,4,8.34,49.7,78.5,20,12:30-13:30,4.4,11.9,46.7
STU2027419,Information Tech,1,6.5,58.9,61.3,2,11:30-12:30,1.4,-42.0,90.3
STU2027420,Mechanical Eng,1,6.8,68.8,89.9,23,12:30-13:30,2.7,14.5,77.1
STU2027421,Civil Eng,2,5.93,35.0,71.7,6,11:30-12:30,4.9,-2.5,48.9
STU2027422,Electronics & Comm,1,7.55,78.4,97.6,22,12:30-13:30,1.0,9.8,74.8
STU2027423,Electronics & Comm,3,7.25,72.0,87.4,25,11:30-12:30,0.8,1.3,79.3
STU2027424,Civil Eng,4,8.11,52.8,92.3,15,13:30-14:30,5.7,-13.8,34.5
STU2027425,Electronics & Comm,2,8.08,61.3,67.4,4,11:30-12:30,5.9,-10.7,45.1
STU2027426,Electronics & Comm,1,7.09,38.6,71.9,19,12:30-13:30,3.8,19.8,58.2
STU2027427,Mechanical Eng,4,7.7,47.7,71.6,21,14:30-15:30,6.6,-16.2,54.1
STU2027428,Information Tech,2,7.52,48.7,58.9,23,12:30-13:30,3.9,20.8,42.0
STU2027429,Mechanical Eng,3,8.06,58.0,64.8,11,11:30-12:30,7.0,-37.8,41.3
STU2027430,Mechanical Eng,4,6.7,39.5,80.7,24,13:30-14:30,5.2,-32.4,36.6
STU2027431,Mechanical Eng,3,6.38,35.0,74.9,9,12:30-13:30,4.1,3.4,34.1
STU2027432,Mechanical Eng,2,9.32,97.1,89.8,16,14:30-15:30,3.1,-19.5,81.4
STU2027433,Electronics & Comm,3,8.11,47.3,65.9,8,11:30-12:30,7.3,-5.0,58.5
STU2027434,Mechanical Eng,4,7.46,47.4,97.6,3,11:30-12:30,4.6,4.0,39.7
STU2027435,Civil Eng,1,7.55,74.4,71.6,3,13:30-14:30,1.3,-45.8,75.3
STU2027436,Computer Science,3,5.96,64.6,78.0,16,12:30-13:30,1.4,31.5,72.8
STU2027437,Information Tech,1,5.54,35.0,69.5,21,12:30-13:30,4.9,19.8,39.7
STU2027438,Mechanical Eng,3,9.12,68.3,61.5,14,13:30-14:30,4.4,-37.2,41.1
STU2027439,Information Tech,1,9.6,72.2,58.9,5,12:30-13:30,5.7,5.1,64.3
STU2027440,Civil Eng,2,6.54,42.9,81.2,23,11:30-12:30,6.7,-31.6,62.1
STU2027441,Information Tech,4,7.42,48.8,65.0,14,11:30-12:30,6.4,-2.9,44.3
STU2027442,Civil Eng,1,7.83,47.5,66.7,12,12:30-13:30,6.7,-4.2,47.2
STU2027443,Information Tech,4,9.1,93.2,81.1,14,12:30-13:30,3.1,1.9,90.4
STU2027444,Civil Eng,2,6.44,71.6,70.2,17,12:30-13:30,2.4,34.4,90.7
STU2027445,Information Tech,2,8.28,55.1,57.8,15,12:30-13:30,5.5,15.1,30.8
STU2027446,Civil Eng,4,5.88,67.6,66.0,7,12:30-13:30,2.1,4.0,80.6
STU2027447,Information Tech,2,9.14,85.9,97.1,17,14:30-15:30,3.1,-15.4,92.1
STU2027448,Information Tech,1,6.58,61.6,77.6,7,12:30-13:30,2.3,4.4,74.3
STU2027449,Mechanical Eng,2,7.74,80.7,65.0,25,13:30-14:30,1.1,-38.7,71.5
STU2027450,Information Tech,4,9.55,91.5,93.5,4,13:30-14:30,2.2,-7.0,93.4
STU2027451,Mechanical Eng,2,7.8,56.4,88.5,7,12:30-13:30,4.4,5.1,42.9
STU2027452,Computer Science,3,9.18,64.6,88.0,19,11:30-12:30,4.1,-39.1,30.7
STU2027453,Civil Eng,2,9.14,60.1,65.4,16,12:30-13:30,4.8,2.2,42.9
STU2027454,Computer Science,2,6.2,57.8,81.1,31,12:30-13:30,0.8,27.8,98.5
STU2027455,Civil Eng,4,9.32,61.7,75.1,25,12:30-13:30,5.0,11.6,48.2
STU2027456,Mechanical Eng,4,6.22,57.1,91.9,11,14:30-15:30,1.4,-41.9,71.1
STU2027457,Civil Eng,4,7.12,65.0,71.1,22,12:30-13:30,2.7,25.8,75.8
STU2027458,Civil Eng,2,8.29,79.6,68.0,17,12:30-13:30,2.2,11.4,70.5
STU2027459,Civil Eng,3,9.29,100.0,74.9,5,13:30-14:30,3.4,-32.3,71.5
STU2027460,Computer Science,3,7.5,47.3,71.6,31,12:30-13:30,5.1,17.6,45.2
STU2027461,Computer Science,4,5.79,51.9,69.3,25,11:30-12:30,2.7,-10.3,84.7
STU2027462,Mechanical Eng,1,5.61,35.0,64.4,16,13:30-14:30,4.1,-29.6,30.8
STU2027463,Mechanical Eng,3,7.08,40.9,89.5,18,12:30-13:30,4.6,-3.5,60.9
STU2027464,Information Tech,1,9.79,67.3,61.6,22,13:30-14:30,6.3,-33.8,41.6
STU2027465,Electronics & Comm,2,5.9,57.4,71.5,8,14:30-15:30,3.3,-25.8,71.2
STU2027466,Electronics & Comm,4,8.94,97.5,93.0,4,12:30-13:30,3.5,1.7,86.5
STU2027467,Computer Science,3,8.63,82.1,88.8,18,12:30-13:30,2.0,-1.7,96.5
STU2027468,Civil Eng,3,8.15,58.6,97.1,25,12:30-13:30,6.5,8.6,63.4
STU2027469,Mechanical Eng,2,8.37,52.4,90.9,9,13:30-14:30,4.6,-36.0,53.9
STU2027470,Computer Science,4,7.58,46.1,69.1,20,12:30-13:30,4.1,7.3,47.5
STU2027471,Mechanical Eng,1,9.04,56.5,78.9,6,12:30-13:30,6.4,33.0,37.7
STU2027472,Information Tech,3,7.27,50.4,72.2,45,12:30-13:30,4.5,33.1,40.5
STU2027473,Computer Science,3,9.48,94.1,57.4,25,14:30-15:30,3.3,1.7,82.5
STU2027474,Computer Science,3,6.51,38.0,92.8,42,12:30-13:30,3.9,4.6,63.5
STU2027475,Electronics & Comm,2,6.95,49.5,80.7,25,11:30-12:30,4.7,-47.6,59.9
STU2027476,Information Tech,4,7.62,47.7,59.0,2,14:30-15:30,7.3,-23.0,58.3
STU2027477,Computer Science,2,6.75,38.6,91.3,17,12:30-13:30,5.3,-3.3,62.1
STU2027478,Mechanical Eng,3,5.93,53.1,97.8,7,14:30-15:30,1.1,-0.5,71.1
STU2027479,Civil Eng,1,6.65,39.0,67.5,16,11:30-12:30,6.4,-15.9,32.5
STU2027480,Mechanical Eng,2,8.27,86.4,85.1,12,11:30-12:30,1.2,-12.8,87.6
STU2027481,Civil Eng,4,7.04,70.0,76.9,9,13:30-14:30,2.6,-5.9,90.5
STU2027482,Mechanical Eng,3,6.41,45.0,74.8,6,13:30-14:30,5.4,-42.3,31.3
STU2027483,Civil Eng,2,6.14,35.0,58.2,15,13:30-14:30,5.9,-26.3,54.1
STU2027484,Information Tech,3,9.53,73.2,64.0,17,11:30-12:30,3.8,-45.4,31.2
STU2027485,Mechanical Eng,4,6.3,35.0,76.4,6,12:30-13:30,5.1,28.4,43.9
STU2027486,Civil Eng,3,9.62,63.4,87.3,10,11:30-12:30,6.6,-26.0,36.4
STU2027487,Civil Eng,3,6.14,69.5,93.0,25,14:30-15:30,2.2,-38.4,87.5
STU2027488,Computer Science,1,8.22,63.0,85.6,18,12:30-13:30,6.1,3.3,43.1
STU2027489,Electronics & Comm,3,8.43,59.2,91.9,20,12:30-13:30,5.7,20.1,39.6
STU2027490,Information Tech,2,7.37,44.2,95.8,32,12:30-13:30,6.1,35.9,45.9
STU2027491,Civil Eng,1,6.72,47.9,55.8,15,13:30-14:30,4.6,1.2,63.8
STU2027492,Information Tech,2,9.47,100.0,90.9,41,13:30-14:30,2.1,-35.8,77.7
STU2027493,Information Tech,3,7.2,77.9,55.2,15,12:30-13:30,2.1,12.6,76.4
STU2027494,Computer Science,3,7.8,46.1,93.7,39,13:30-14:30,7.1,-14.1,30.6
STU2027495,Mechanical Eng,1,7.64,45.9,79.9,14,13:30-14:30,4.2,-18.3,49.3
STU2027496,Mechanical Eng,2,7.84,49.8,63.6,2,14:30-15:30,5.3,-42.7,32.8
STU2027497,Mechanical Eng,2,8.33,79.7,83.9,5,11:30-12:30,3.4,-7.5,96.3
STU2027498,Mechanical Eng,3,9.79,75.7,84.7,2,11:30-12:30,5.0,2.5,32.7
STU2027499,Computer Science,3,9.65,65.2,59.9,29,13:30-14:30,3.7,-20.9,34.3
STU2027500,Civil Eng,3,8.88,94.1,70.3,10,12:30-13:30,1.1,24.7,75.1
STU2027501,Information Tech,1,9.77,100.0,62.0,22,11:30-12:30,2.9,-29.4,85.1
STU2027502,Mechanical Eng,4,8.91,63.6,73.6,21,11:30-12:30,6.2,-14.2,57.2
STU2027503,Information Tech,1,9.7,65.4,87.0,16,12:30-13:30,6.3,10.9,62.7
STU2027504,Mechanical Eng,2,9.37,87.1,56.6,13,12:30-13:30,1.8,21.6,86.6
STU2027505,Civil Eng,1,9.67,98.7,92.1,5,12:30-13:30,1.1,19.3,94.4
STU2027506,Civil Eng,4,7.88,47.7,78.7,22,13:30-14:30,5.8,-31.2,34.2
STU2027507,Mechanical Eng,4,6.76,75.7,91.9,10,11:30-12:30,0.9,-4.8,78.7
STU2027508,Electronics & Comm,3,6.96,64.3,72.7,11,12:30-13:30,1.0,11.7,85.4
STU2027509,Computer Science,3,6.91,41.6,85.6,26,13:30-14:30,6.6,-42.0,62.6
STU2027510,Mechanical Eng,3,6.87,49.1,60.3,11,11:30-12:30,4.5,-3.4,50.4
STU2027511,Information Tech,1,8.99,65.9,78.6,11,12:30-13:30,4.5,-0.9,54.2
STU2027512,Civil Eng,1,6.84,73.1,92.8,5,11:30-12:30,1.2,2.3,79.7
STU2027513,Information Tech,1,5.96,35.0,75.5,20,12:30-13:30,3.8,33.5,42.6
STU2027514,Electronics & Comm,1,6.94,49.4,63.0,17,13:30-14:30,6.9,-36.4,54.5
STU2027515,Electronics & Comm,2,8.67,61.2,90.4,10,12:30-13:30,5.3,18.6,38.4
STU2027516,Electronics & Comm,4,7.85,74.8,57.6,13,12:30-13:30,2.0,0.6,89.3
STU2027517,Information Tech,4,9.42,89.2,67.4,22,12:30-13:30,2.2,19.8,94.8
STU2027518,Computer Science,1,7.24,68.7,63.2,5,12:30-13:30,2.3,34.7,73.7
STU2027519,Electronics & Comm,2,8.56,80.0,64.9,8,12:30-13:30,2.2,6.3,71.4
STU2027520,Computer Science,1,8.3,62.2,85.8,6,12:30-13:30,6.3,1.0,30.5
STU2027521,Computer Science,3,6.9,43.9,72.7,35,12:30-13:30,5.1,1.0,53.8
STU2027522,Civil Eng,3,6.31,37.6,83.6,3,12:30-13:30,7.1,5.3,38.5
STU2027523,Civil Eng,4,6.18,35.8,88.6,5,12:30-13:30,6.3,31.1,56.2
STU2027524,Electronics & Comm,3,6.7,68.6,73.3,13,12:30-13:30,0.6,7.4,92.8
STU2027525,Electronics & Comm,4,6.36,41.4,92.1,16,12:30-13:30,6.4,32.1,63.7
STU2027526,Computer Science,2,8.27,53.9,71.5,23,11:30-12:30,7.4,-9.8,49.3
STU2027527,Information Tech,3,8.47,54.3,66.7,33,11:30-12:30,5.1,2.7,58.0
STU2027528,Computer Science,2,9.36,100.0,65.8,33,13:30-14:30,2.2,-5.7,97.8
STU2027529,Information Tech,2,8.2,80.3,97.0,32,12:30-13:30,0.5,12.2,97.8
STU2027530,Mechanical Eng,1,7.57,50.5,63.1,10,12:30-13:30,5.6,19.0,55.2
STU2027531,Civil Eng,3,5.91,53.6,75.3,17,12:30-13:30,1.9,26.1,77.1
STU2027532,Information Tech,3,7.62,55.8,73.5,22,13:30-14:30,4.4,-26.2,54.1
STU2027533,Computer Science,2,7.51,41.5,78.0,37,12:30-13:30,5.7,0.6,33.6
STU2027534,Electronics & Comm,2,7.09,66.3,56.6,20,12:30-13:30,0.6,31.5,87.0
STU2027535,Electronics & Comm,1,6.97,75.2,65.2,22,12:30-13:30,1.3,33.5,93.4
STU2027536,Electronics & Comm,1,7.55,79.9,66.9,17,14:30-15:30,1.7,-4.7,92.0
STU2027537,Electronics & Comm,4,9.32,64.9,59.3,24,11:30-12:30,4.0,-29.5,38.0
STU2027538,Mechanical Eng,4,7.89,51.4,62.1,8,12:30-13:30,5.7,2.1,64.3
STU2027539,Electronics & Comm,2,8.67,82.0,86.5,23,12:30-13:30,1.9,13.4,76.1
STU2027540,Information Tech,2,5.64,35.0,86.2,41,13:30-14:30,5.6,-11.6,42.8
STU2027541,Electronics & Comm,1,9.08,84.5,61.8,15,11:30-12:30,3.1,-42.2,75.0
STU2027542,Electronics & Comm,2,5.81,54.4,72.8,24,13:30-14:30,3.5,-18.6,90.3
STU2027543,Information Tech,3,9.31,64.9,61.8,28,14:30-15:30,7.5,-38.9,48.6
STU2027544,Civil Eng,3,6.86,37.6,81.1,11,11:30-12:30,7.0,-28.1,57.9
STU2027545,Information Tech,4,9.49,100.0,92.6,24,12:30-13:30,1.3,16.9,90.1
STU2027546,Computer Science,4,7.2,52.6,82.9,9,11:30-12:30,5.5,-5.7,58.6
STU2027547,Electronics & Comm,1,7.69,49.8,81.1,19,12:30-13:30,6.7,-1.2,38.5
STU2027548,Mechanical Eng,3,7.86,84.6,90.6,9,11:30-12:30,0.8,-11.0,84.2
STU2027549,Computer Science,2,8.19,51.7,58.1,20,12:30-13:30,5.5,22.9,49.1
STU2027550,Mechanical Eng,1,5.64,50.6,55.5,2,13:30-14:30,0.7,-43.6,89.3
STU2027551,Electronics & Comm,1,5.86,35.0,63.2,13,12:30-13:30,7.2,-2.7,33.4
STU2027552,Information Tech,1,8.59,91.1,97.5,11,12:30-13:30,2.7,25.9,89.5
STU2027553,Mechanical Eng,2,5.87,35.0,89.9,4,12:30-13:30,4.7,1.2,50.2
STU2027554,Mechanical Eng,1,6.85,49.4,75.2,23,11:30-12:30,4.1,-34.2,46.4
STU2027555,Electronics & Comm,4,6.99,71.5,69.7,20,12:30-13:30,3.0,0.0,85.0
STU2027556,Civil Eng,2,8.93,69.1,77.0,7,12:30-13:30,7.4,27.2,42.9
STU2027557,Civil Eng,1,7.88,56.3,56.7,21,12:30-13:30,3.8,17.9,44.2
STU2027558,Information Tech,3,8.88,55.3,55.7,20,14:30-15:30,4.9,-41.3,52.3
STU2027559,Computer Science,3,8.95,62.1,94.9,44,13:30-14:30,6.6,-19.9,38.8
STU2027560,Computer Science,3,8.19,48.6,66.1,44,12:30-13:30,6.5,5.2,36.2
STU2027561,Electronics & Comm,4,8.59,63.0,63.1,6,12:30-13:30,5.0,23.6,44.0
STU2027562,Information Tech,3,8.62,62.3,77.4,15,12:30-13:30,5.0,5.0,53.3
STU2027563,Civil Eng,2,7.08,47.6,86.2,4,13:30-14:30,4.2,-23.5,37.5
STU2027564,Computer Science,4,6.75,72.4,97.2,3,13:30-14:30,3.2,-38.1,80.3
STU2027565,Electronics & Comm,3,6.96,76.9,84.4,4,11:30-12:30,2.6,-23.1,97.8
STU2027566,Mechanical Eng,4,8.91,61.7,92.1,2,14:30-15:30,4.1,-7.1,63.6
STU2027567,Computer Science,3,6.54,43.0,85.0,19,13:30-14:30,4.1,-23.3,59.1
STU2027568,Computer Science,3,5.66,54.1,84.5,21,14:30-15:30,0.9,3.4,94.7
STU2027569,Mechanical Eng,2,9.06,89.7,66.1,6,12:30-13:30,2.7,28.0,90.6
STU2027570,Computer Science,1,8.56,64.5,74.6,8,11:30-12:30,3.8,-35.2,60.8
STU2027571,Computer Science,2,7.62,56.8,60.8,16,12:30-13:30,5.0,24.7,65.0
STU2027572,Computer Science,4,8.76,88.4,69.1,19,12:30-13:30,3.2,24.5,83.4
STU2027573,Information Tech,1,5.55,37.3,62.9,15,11:30-12:30,6.2,-42.1,64.9
STU2027574,Electronics & Comm,1,6.55,43.3,71.2,21,12:30-13:30,3.8,-0.1,54.6
STU2027575,Civil Eng,1,9.29,91.2,84.2,4,13:30-14:30,3.2,-31.5,87.7
STU2027576,Computer Science,1,9.24,68.4,82.5,18,12:30-13:30,4.5,14.6,33.8
STU2027577,Computer Science,2,8.75,94.9,72.5,31,12:30-13:30,1.7,1.1,91.0
STU2027578,Electronics & Comm,4,6.68,61.0,69.5,25,13:30-14:30,1.0,-32.4,77.4
STU2027579,Information Tech,4,9.54,100.0,56.8,14,12:30-13:30,3.1,12.6,70.6
STU2027580,Computer Science,1,6.0,41.4,60.5,3,11:30-12:30,6.0,-20.4,30.6
STU2027581,Electronics & Comm,3,7.18,65.8,93.0,16,11:30-12:30,1.1,-44.1,95.3
STU2027582,Electronics & Comm,1,9.6,89.9,88.0,19,12:30-13:30,2.3,2.5,79.9
STU2027583,Information Tech,1,7.59,82.9,91.4,18,12:30-13:30,3.5,29.1,86.3
STU2027584,Mechanical Eng,1,6.0,35.0,68.1,12,13:30-14:30,4.4,-32.2,57.8
STU2027585,Civil Eng,2,7.25,52.0,64.1,13,11:30-12:30,5.0,-24.1,51.5
STU2027586,Computer Science,1,7.68,53.6,97.7,2,12:30-13:30,4.6,24.3,32.3
STU2027587,Civil Eng,3,8.01,51.7,62.1,21,12:30-13:30,5.8,18.5,54.7
STU2027588,Civil Eng,3,9.07,61.0,82.6,16,13:30-14:30,5.8,-43.2,56.1
STU2027589,Information Tech,3,6.12,35.0,88.7,33,11:30-12:30,4.6,-42.5,52.3
STU2027590,Computer Science,3,7.95,47.2,89.1,41,11:30-12:30,6.5,-6.6,63.4
STU2027591,Electronics & Comm,3,8.86,96.2,88.4,21,11:30-12:30,3.5,-10.9,86.4
STU2027592,Information Tech,4,6.17,35.0,82.5,7,12:30-13:30,3.7,25.7,44.6
STU2027593,Mechanical Eng,2,7.74,53.1,64.5,18,12:30-13:30,5.2,0.7,51.1
STU2027594,Information Tech,1,9.09,57.0,97.2,5,13:30-14:30,6.3,4.0,61.4
STU2027595,Information Tech,4,6.97,42.4,78.6,23,12:30-13:30,6.4,1.0,35.2
STU2027596,Mechanical Eng,1,8.87,83.0,71.4,2,13:30-14:30,3.1,-18.2,81.8
STU2027597,Civil Eng,1,8.39,85.1,84.5,5,12:30-13:30,1.5,5.3,75.5
STU2027598,Electronics & Comm,3,7.21,40.7,61.4,3,12:30-13:30,4.6,30.0,57.1
STU2027599,Electronics & Comm,4,8.74,59.0,55.0,14,14:30-15:30,5.2,-44.7,48.0
STU2027600,Computer Science,1,9.08,61.2,87.8,12,13:30-14:30,4.0,-4.4,32.6
STU2027601,Computer Science,1,9.56,89.9,71.1,4,12:30-13:30,0.9,30.2,88.8
STU2027602,Mechanical Eng,1,7.45,42.7,88.3,22,14:30-15:30,6.5,-26.2,48.3
STU2027603,Electronics & Comm,1,8.64,87.1,64.5,11,12:30-13:30,2.5,11.0,70.5
STU2027604,Computer Science,4,9.31,71.5,86.2,2,11:30-12:30,5.8,-18.6,44.4
STU2027605,Computer Science,4,8.62,52.2,90.5,21,12:30-13:30,7.0,-2.3,62.3
STU2027606,Mechanical Eng,1,7.21,50.6,77.5,9,12:30-13:30,4.2,-1.3,32.4
STU2027607,Electronics & Comm,3,7.04,70.0,95.0,4,12:30-13:30,1.9,14.0,96.6
STU2027608,Electronics & Comm,2,8.42,80.8,58.4,18,12:30-13:30,1.6,35.2,81.0
STU2027609,Mechanical Eng,2,7.51,53.5,78.5,23,12:30-13:30,7.3,17.4,43.2
STU2027610,Mechanical Eng,3,8.05,74.6,86.2,11,13:30-14:30,1.7,-21.0,86.8
STU2027611,Computer Science,4,6.68,64.2,97.8,17,11:30-12:30,2.2,-19.7,75.9
STU2027612,Electronics & Comm,4,8.69,66.4,76.5,22,13:30-14:30,4.1,-43.1,62.0
STU2027613,Civil Eng,2,5.94,38.9,63.3,25,12:30-13:30,4.1,29.0,64.1
STU2027614,Information Tech,4,6.51,38.8,73.3,18,13:30-14:30,6.3,-38.6,60.6
STU2027615,Mechanical Eng,4,5.63,38.1,64.8,20,13:30-14:30,5.8,-19.1,63.6
STU2027616,Civil Eng,4,8.43,59.0,97.8,9,14:30-15:30,3.7,-0.3,54.5
STU2027617,Information Tech,2,9.2,70.2,55.7,20,12:30-13:30,5.9,2.4,43.2
STU2027618,Mechanical Eng,3,8.4,82.8,58.7,19,13:30-14:30,3.3,4.4,95.3
STU2027619,Computer Science,3,7.24,80.0,61.5,33,11:30-12:30,1.0,-40.6,88.9
STU2027620,Information Tech,4,9.67,68.9,87.5,9,12:30-13:30,7.2,12.6,49.5
STU2027621,Information Tech,3,8.87,55.5,92.3,40,13:30-14:30,7.2,-46.2,34.4
STU2027622,Information Tech,2,8.35,54.0,78.3,24,12:30-13:30,7.3,21.6,50.9
STU2027623,Mechanical Eng,3,9.14,70.6,81.2,22,12:30-13:30,4.4,17.4,32.3
STU2027624,Civil Eng,1,8.49,91.6,74.0,14,12:30-13:30,3.0,14.6,75.2
STU2027625,Information Tech,2,5.61,64.4,81.5,35,11:30-12:30,2.4,-12.8,92.6
STU2027626,Civil Eng,4,8.12,53.5,76.2,17,12:30-13:30,4.3,24.5,60.0
STU2027627,Electronics & Comm,2,6.88,38.5,79.8,23,12:30-13:30,4.0,16.5,56.2
STU2027628,Civil Eng,2,8.43,90.9,89.1,13,12:30-13:30,3.1,26.0,90.2
STU2027629,Civil Eng,4,8.63,56.9,69.3,19,11:30-12:30,3.7,-38.7,31.3
STU2027630,Mechanical Eng,3,6.65,42.3,62.8,21,11:30-12:30,4.2,-32.4,46.1
STU2027631,Electronics & Comm,2,8.44,52.7,86.8,8,12:30-13:30,6.4,17.4,57.6
STU2027632,Information Tech,1,6.96,68.1,62.1,12,12:30-13:30,1.1,24.6,89.7
STU2027633,Civil Eng,2,9.43,93.5,69.8,24,12:30-13:30,1.7,4.1,86.7
STU2027634,Information Tech,3,5.94,35.0,92.0,15,12:30-13:30,7.1,34.0,33.7
STU2027635,Civil Eng,3,9.61,71.5,95.8,23,12:30-13:30,4.4,6.8,30.5
STU2027636,Mechanical Eng,2,5.53,35.0,68.2,4,13:30-14:30,4.9,1.1,60.7
STU2027637,Computer Science,4,8.08,79.2,62.1,3,12:30-13:30,1.9,-1.5,94.2
STU2027638,Mechanical Eng,2,7.2,78.0,58.8,8,12:30-13:30,2.6,24.9,73.1
STU2027639,Mechanical Eng,2,9.02,67.1,75.5,12,12:30-13:30,6.4,-3.1,48.4
STU2027640,Information Tech,3,9.6,71.9,61.4,17,13:30-14:30,6.5,-46.1,58.1
STU2027641,Mechanical Eng,2,7.46,47.0,81.5,3,12:30-13:30,7.1,19.8,34.3
STU2027642,Electronics & Comm,4,5.53,57.6,70.5,14,13:30-14:30,2.1,-39.4,84.9
STU2027643,Electronics & Comm,3,7.9,45.7,94.3,20,13:30-14:30,5.9,-21.2,44.6
STU2027644,Civil Eng,4,6.7,68.3,92.1,23,14:30-15:30,1.5,-33.2,90.5
STU2027645,Mechanical Eng,4,9.65,98.8,89.3,6,11:30-12:30,2.7,-31.9,90.7
STU2027646,Information Tech,1,9.66,91.7,89.9,3,13:30-14:30,3.5,-45.7,79.6
STU2027647,Mechanical Eng,3,8.25,59.8,80.2,5,12:30-13:30,6.6,27.8,32.5
STU2027648,Mechanical Eng,1,6.4,36.3,68.9,25,12:30-13:30,3.9,2.5,48.3
STU2027649,Computer Science,3,6.8,40.8,91.6,30,14:30-15:30,4.2,-40.4,43.4
STU2027650,Electronics & Comm,4,7.43,45.9,82.4,2,11:30-12:30,3.6,-41.1,63.2
STU2027651,Information Tech,2,9.45,71.5,67.4,37,13:30-14:30,7.1,-19.2,32.4
STU2027652,Computer Science,2,6.32,69.6,57.7,24,11:30-12:30,1.9,-14.9,74.2
STU2027653,Computer Science,4,8.67,60.0,93.1,19,12:30-13:30,4.1,14.0,44.5
STU2027654,Computer Science,2,8.8,65.9,72.4,26,11:30-12:30,5.4,-22.6,53.3
STU2027655,Mechanical Eng,3,8.71,62.1,70.6,3,13:30-14:30,4.9,-30.8,46.9
STU2027656,Information Tech,1,7.7,44.7,88.3,25,12:30-13:30,5.2,-0.8,45.9
STU2027657,Computer Science,2,8.59,59.7,96.3,29,12:30-13:30,5.0,27.3,36.1
STU2027658,Electronics & Comm,2,9.61,97.8,94.8,21,12:30-13:30,2.8,3.8,75.0
STU2027659,Civil Eng,2,9.61,67.5,86.5,9,12:30-13:30,6.1,17.7,53.0
STU2027660,Electronics & Comm,2,9.36,98.6,69.0,19,13:30-14:30,3.0,-37.2,98.0
STU2027661,Information Tech,3,6.65,37.0,60.3,20,12:30-13:30,5.6,28.1,46.2
STU2027662,Mechanical Eng,2,9.55,100.0,79.6,21,13:30-14:30,2.3,-10.1,77.4
STU2027663,Computer Science,2,9.34,73.7,81.0,29,12:30-13:30,6.4,-2.1,50.4
STU2027664,Computer Science,3,6.56,39.9,93.7,30,11:30-12:30,3.8,-10.5,48.4
STU2027665,Mechanical Eng,2,7.99,58.7,79.0,5,13:30-14:30,6.9,-40.9,38.5
STU2027666,Mechanical Eng,4,8.64,80.2,86.2,19,11:30-12:30,0.9,-22.1,75.5
STU2027667,Civil Eng,4,7.0,45.9,64.1,7,12:30-13:30,5.7,4.7,54.7
STU2027668,Information Tech,4,9.47,62.8,89.3,2,11:30-12:30,7.0,-33.3,57.7
STU2027669,Mechanical Eng,2,9.47,66.4,82.8,4,11:30-12:30,6.2,-29.6,59.9
STU2027670,Electronics & Comm,2,9.25,61.2,79.5,7,12:30-13:30,7.0,26.9,33.3
STU2027671,Information Tech,3,8.36,89.9,59.0,16,12:30-13:30,1.9,20.1,78.0
STU2027672,Electronics & Comm,1,7.98,80.7,97.7,5,12:30-13:30,1.1,1.0,89.9
STU2027673,Computer Science,2,8.65,93.6,60.0,28,14:30-15:30,1.6,-23.3,95.1
STU2027674,Electronics & Comm,1,6.0,36.3,88.2,7,11:30-12:30,5.2,-45.8,34.1
STU2027675,Information Tech,1,7.42,44.1,86.1,8,14:30-15:30,5.1,1.1,62.4
STU2027676,Electronics & Comm,1,6.76,61.4,63.3,22,11:30-12:30,3.2,-1.5,76.0
STU2027677,Mechanical Eng,1,6.14,55.5,88.8,14,12:30-13:30,1.7,20.6,72.6
STU2027678,Electronics & Comm,3,9.2,94.1,79.8,2,12:30-13:30,2.8,29.4,73.9
STU2027679,Information Tech,2,8.51,53.3,70.8,38,11:30-12:30,7.3,-9.0,55.3
STU2027680,Computer Science,2,8.58,87.8,79.5,39,13:30-14:30,2.9,-42.9,92.6
STU2027681,Civil Eng,1,6.11,35.0,63.2,6,12:30-13:30,7.0,3.7,49.2
STU2027682,Computer Science,3,9.55,60.9,93.2,28,14:30-15:30,5.9,-41.5,30.9
STU2027683,Information Tech,2,7.56,78.4,79.0,38,12:30-13:30,2.4,34.5,74.8
STU2027684,Civil Eng,4,9.21,89.5,56.0,5,12:30-13:30,2.1,9.0,73.7
STU2027685,Mechanical Eng,2,9.06,60.4,84.4,9,12:30-13:30,5.0,-2.6,37.8
STU2027686,Computer Science,3,9.4,64.7,72.4,43,12:30-13:30,4.0,27.3,62.0
STU2027687,Information Tech,1,7.09,48.1,80.4,9,13:30-14:30,5.9,-34.7,42.2
STU2027688,Computer Science,2,9.1,92.5,65.8,40,13:30-14:30,3.5,-6.5,73.2
STU2027689,Computer Science,1,6.39,42.3,89.7,10,12:30-13:30,5.7,26.3,44.4
STU2027690,Computer Science,4,6.2,35.0,77.2,16,12:30-13:30,4.3,-0.6,48.1
STU2027691,Information Tech,1,9.23,86.7,59.7,15,12:30-13:30,2.9,13.6,71.8
STU2027692,Electronics & Comm,1,7.49,81.5,64.9,18,12:30-13:30,1.1,34.1,71.4
STU2027693,Civil Eng,3,6.36,57.6,72.2,13,12:30-13:30,1.3,16.8,75.7
STU2027694,Information Tech,3,7.42,52.4,85.2,25,12:30-13:30,4.7,3.2,47.4
STU2027695,Electronics & Comm,4,6.17,35.0,89.8,15,13:30-14:30,7.1,-4.4,62.3
STU2027696,Computer Science,3,8.02,54.1,77.6,23,11:30-12:30,6.3,-26.6,54.5
STU2027697,Civil Eng,1,6.84,38.1,69.2,20,11:30-12:30,4.6,-22.3,56.4
STU2027698,Civil Eng,1,9.43,71.0,56.6,19,13:30-14:30,5.7,-44.4,39.2
STU2027699,Information Tech,3,7.97,56.0,68.5,23,11:30-12:30,5.2,-15.6,54.8
STU2027700,Information Tech,1,8.97,56.3,67.8,21,12:30-13:30,6.3,16.7,58.8
STU2027701,Civil Eng,2,8.29,51.6,63.5,19,12:30-13:30,4.6,25.7,54.0
STU2027702,Computer Science,4,9.4,100.0,96.1,20,12:30-13:30,1.5,5.9,84.1
STU2027703,Electronics & Comm,2,8.78,88.8,73.8,11,12:30-13:30,2.0,18.9,90.0
STU2027704,Computer Science,4,8.97,57.0,57.9,23,13:30-14:30,6.3,-40.6,39.2
STU2027705,Electronics & Comm,4,5.72,37.8,74.8,7,12:30-13:30,6.8,22.1,59.5
STU2027706,Computer Science,3,5.91,35.0,95.0,36,12:30-13:30,7.1,23.8,63.0
STU2027707,Information Tech,4,9.37,87.2,93.6,18,13:30-14:30,1.1,-14.8,82.9
STU2027708,Mechanical Eng,1,9.01,57.2,91.6,6,12:30-13:30,7.3,1.6,62.5
STU2027709,Computer Science,4,9.57,72.4,93.0,18,14:30-15:30,4.2,-28.2,55.8
STU2027710,Computer Science,2,5.77,35.0,56.1,41,12:30-13:30,4.3,29.5,44.7
STU2027711,Electronics & Comm,4,7.92,82.6,67.9,18,14:30-15:30,3.3,-0.8,92.2
STU2027712,Information Tech,3,8.9,84.5,80.8,27,13:30-14:30,3.5,-17.3,96.2
STU2027713,Civil Eng,1,6.65,73.7,80.3,20,11:30-12:30,2.1,-25.6,73.4
STU2027714,Mechanical Eng,4,5.69,35.0,93.7,24,13:30-14:30,5.0,-18.7,36.2
STU2027715,Electronics & Comm,3,8.61,54.8,70.2,23,13:30-14:30,6.0,-14.0,46.1
STU2027716,Electronics & Comm,3,8.25,59.1,93.0,14,12:30-13:30,7.0,17.4,54.6
STU2027717,Mechanical Eng,4,5.61,50.2,74.5,5,12:30-13:30,2.7,10.8,71.9
STU2027718,Electronics & Comm,3,7.99,52.7,65.5,20,11:30-12:30,4.9,2.9,39.6
STU2027719,Electronics & Comm,3,7.8,45.9,77.9,10,11:30-12:30,4.0,-27.1,51.5
STU2027720,Electronics & Comm,4,8.09,75.6,57.9,5,11:30-12:30,0.7,-16.9,94.2
STU2027721,Electronics & Comm,3,8.34,51.9,97.4,15,12:30-13:30,5.0,-0.6,35.7
STU2027722,Electronics & Comm,4,8.59,79.8,93.5,19,12:30-13:30,2.9,16.0,98.4
STU2027723,Civil Eng,3,8.85,54.7,85.1,17,13:30-14:30,6.9,-40.3,42.6
STU2027724,Computer Science,1,7.34,50.6,83.0,15,13:30-14:30,6.6,-26.7,54.4
STU2027725,Computer Science,4,8.75,56.5,75.8,10,11:30-12:30,6.9,-16.5,56.2
STU2027726,Information Tech,1,7.85,52.6,96.1,5,12:30-13:30,5.6,6.1,60.3
STU2027727,Civil Eng,3,7.28,71.2,91.5,14,11:30-12:30,1.2,-14.8,76.6
STU2027728,Mechanical Eng,4,8.15,47.8,78.2,21,12:30-13:30,6.1,17.5,38.7
STU2027729,Mechanical Eng,4,7.94,51.6,84.6,23,14:30-15:30,6.6,-45.4,41.5
STU2027730,Computer Science,2,8.61,86.5,84.2,37,12:30-13:30,0.9,33.1,89.9
STU2027731,Computer Science,3,5.99,57.1,75.4,39,12:30-13:30,3.5,26.6,91.1
STU2027732,Civil Eng,2,7.31,52.9,65.7,12,12:30-13:30,7.3,10.3,52.7
STU2027733,Computer Science,4,7.59,52.6,57.1,18,11:30-12:30,4.7,3.5,52.8
STU2027734,Mechanical Eng,2,5.7,35.0,94.6,19,14:30-15:30,7.5,-15.5,53.9
STU2027735,Civil Eng,4,7.26,41.7,69.1,12,14:30-15:30,3.6,-25.5,35.7
STU2027736,Mechanical Eng,4,8.75,56.4,69.6,12,12:30-13:30,6.7,34.6,50.0
STU2027737,Electronics & Comm,1,7.33,48.6,65.4,6,12:30-13:30,6.0,30.0,39.0
STU2027738,Electronics & Comm,4,6.95,72.2,67.4,3,12:30-13:30,1.3,-4.6,88.3
STU2027739,Civil Eng,2,9.18,96.4,60.1,17,12:30-13:30,1.6,23.5,75.3
STU2027740,Civil Eng,3,7.23,52.1,87.8,24,11:30-12:30,4.8,4.1,43.7
STU2027741,Computer Science,3,9.42,62.5,91.6,16,12:30-13:30,6.2,-4.7,38.8
STU2027742,Information Tech,1,5.97,35.0,80.3,8,12:30-13:30,7.4,30.9,46.8
STU2027743,Electronics & Comm,3,7.41,74.3,88.8,15,14:30-15:30,0.6,-6.0,93.3
STU2027744,Electronics & Comm,4,5.83,35.0,86.4,17,12:30-13:30,6.9,9.0,31.9
STU2027745,Civil Eng,3,8.49,58.7,86.4,22,12:30-13:30,6.6,1.9,48.6
STU2027746,Mechanical Eng,2,6.83,42.3,60.3,13,13:30-14:30,4.4,-5.8,56.3
STU2027747,Mechanical Eng,1,5.64,54.6,95.6,25,12:30-13:30,2.3,1.0,88.9
STU2027748,Electronics & Comm,1,5.98,60.3,95.6,21,13:30-14:30,1.6,-7.4,90.7
STU2027749,Civil Eng,1,7.44,77.9,93.8,23,12:30-13:30,3.3,25.4,76.0
STU2027750,Civil Eng,2,5.63,35.9,92.3,17,11:30-12:30,4.4,-29.3,43.3
STU2027751,Computer Science,1,8.95,57.6,57.9,24,12:30-13:30,6.0,21.0,63.7
STU2027752,Computer Science,4,8.12,82.1,89.1,21,11:30-12:30,2.1,-0.6,90.9
STU2027753,Mechanical Eng,2,9.29,61.4,55.5,18,13:30-14:30,6.5,-44.3,60.2
STU2027754,Civil Eng,4,7.54,51.4,67.3,10,11:30-12:30,6.8,-34.5,59.5
STU2027755,Mechanical Eng,3,6.63,35.0,57.3,17,12:30-13:30,4.2,19.7,58.7
STU2027756,Electronics & Comm,4,8.53,89.9,78.8,23,13:30-14:30,0.6,-31.0,89.9
STU2027757,Information Tech,1,6.13,35.0,74.6,21,13:30-14:30,4.0,-17.9,53.1
STU2027758,Civil Eng,2,9.3,58.6,87.9,24,12:30-13:30,4.7,0.4,40.7
STU2027759,Civil Eng,1,6.68,61.0,74.3,25,11:30-12:30,1.5,4.3,80.9
STU2027760,Information Tech,4,8.56,87.2,62.5,16,12:30-13:30,1.4,1.7,75.9
STU2027761,Electronics & Comm,2,7.94,50.5,59.4,14,12:30-13:30,7.3,32.7,64.5
STU2027762,Electronics & Comm,2,9.73,68.8,77.2,7,14:30-15:30,4.1,-40.3,31.7
STU2027763,Computer Science,1,5.56,35.0,64.9,15,12:30-13:30,6.7,10.6,30.6
STU2027764,Computer Science,1,7.68,45.9,82.1,14,12:30-13:30,5.2,-0.0,49.5
STU2027765,Information Tech,1,9.02,84.3,63.1,19,13:30-14:30,3.2,-32.7,72.7
STU2027766,Mechanical Eng,2,8.26,56.2,58.7,19,12:30-13:30,4.1,21.3,31.7
STU2027767,Electronics & Comm,3,6.83,38.0,92.3,8,11:30-12:30,4.6,-9.1,59.1
STU2027768,Computer Science,4,9.09,96.3,72.4,25,14:30-15:30,1.8,-16.8,80.7
STU2027769,Civil Eng,1,6.93,76.4,93.8,10,12:30-13:30,0.8,-1.2,82.6
STU2027770,Computer Science,4,9.44,100.0,67.9,9,14:30-15:30,1.1,4.3,72.6
STU2027771,Computer Science,4,7.83,50.5,59.3,17,13:30-14:30,4.8,-45.8,62.3
STU2027772,Information Tech,1,7.08,67.4,79.2,14,12:30-13:30,1.9,16.9,82.2
STU2027773,Information Tech,4,6.19,35.7,81.1,18,12:30-13:30,6.0,31.8,48.5
STU2027774,Information Tech,1,7.53,47.3,97.8,13,12:30-13:30,5.1,27.9,47.0
STU2027775,Civil Eng,2,7.06,51.7,91.3,6,12:30-13:30,4.5,-4.1,61.4
STU2027776,Computer Science,2,7.36,40.5,85.2,32,12:30-13:30,7.4,29.1,45.9
STU2027777,Electronics & Comm,4,5.56,35.0,97.0,13,13:30-14:30,4.4,1.5,30.2
STU2027778,Computer Science,4,7.05,44.7,77.0,4,12:30-13:30,7.3,22.5,34.1
STU2027779,Electronics & Comm,4,6.78,39.3,80.9,19,13:30-14:30,6.0,-40.3,33.4
STU2027780,Computer Science,4,9.54,100.0,73.7,20,12:30-13:30,1.7,-1.9,74.1
STU2027781,Computer Science,3,8.6,58.4,70.8,26,12:30-13:30,6.9,14.9,33.7
STU2027782,Computer Science,3,7.37,69.1,76.7,30,13:30-14:30,0.5,-4.0,86.8
STU2027783,Information Tech,1,9.53,65.0,57.1,10,12:30-13:30,4.9,34.0,37.7
STU2027784,Civil Eng,2,6.41,43.2,60.8,19,11:30-12:30,6.4,-15.6,46.5
STU2027785,Mechanical Eng,1,5.75,35.0,75.9,10,11:30-12:30,5.1,-10.0,61.9
STU2027786,Electronics & Comm,1,6.09,68.5,73.0,13,13:30-14:30,3.2,-47.7,97.1
STU2027787,Computer Science,1,8.88,68.5,95.5,13,11:30-12:30,5.0,3.7,56.4
STU2027788,Information Tech,2,9.13,85.8,93.1,17,11:30-12:30,1.3,-8.4,93.7
STU2027789,Computer Science,3,6.48,38.0,90.1,16,11:30-12:30,6.1,-23.5,31.9
STU2027790,Civil Eng,3,8.43,52.6,55.2,18,12:30-13:30,3.9,18.5,61.7
STU2027791,Mechanical Eng,3,8.51,58.0,64.8,19,12:30-13:30,5.0,18.5,57.9
STU2027792,Civil Eng,3,6.07,36.5,66.1,21,13:30-14:30,7.2,-6.0,56.8
STU2027793,Information Tech,2,9.7,93.3,63.7,39,13:30-14:30,2.7,-44.3,85.6
STU2027794,Mechanical Eng,3,5.7,35.8,70.1,16,11:30-12:30,4.4,-0.7,51.4
STU2027795,Electronics & Comm,3,7.38,42.0,77.5,18,11:30-12:30,6.7,-44.8,38.5
STU2027796,Mechanical Eng,4,5.67,65.4,73.5,11,14:30-15:30,1.9,1.3,85.9
STU2027797,Information Tech,2,7.85,85.7,96.6,35,13:30-14:30,2.7,3.4,76.6
STU2027798,Mechanical Eng,4,9.43,99.7,78.2,24,14:30-15:30,2.8,-45.3,71.5
STU2027799,Mechanical Eng,4,8.17,78.2,70.2,2,11:30-12:30,3.0,-16.5,81.5
STU2027800,Information Tech,3,9.38,91.6,69.0,34,11:30-12:30,0.8,-42.6,88.2
STU2027801,Electronics & Comm,1,9.59,70.3,97.9,23,12:30-13:30,3.7,-4.2,47.8
STU2027802,Mechanical Eng,3,8.53,81.3,74.1,14,12:30-13:30,3.2,24.4,89.9
STU2027803,Mechanical Eng,2,6.86,72.5,94.6,4,14:30-15:30,2.4,-12.7,97.3
STU2027804,Electronics & Comm,4,9.37,59.6,88.8,15,11:30-12:30,6.8,-7.7,42.5
STU2027805,Computer Science,1,6.87,36.7,69.5,22,12:30-13:30,6.5,23.1,62.6
STU2027806,Information Tech,3,7.39,68.1,93.3,18,13:30-14:30,2.9,-7.5,82.7
STU2027807,Electronics & Comm,2,7.49,47.3,78.7,2,12:30-13:30,7.0,32.5,54.8
STU2027808,Computer Science,1,5.54,35.0,71.9,2,13:30-14:30,7.2,-37.2,51.8
STU2027809,Information Tech,1,5.51,35.0,70.0,24,12:30-13:30,7.1,34.9,60.7
STU2027810,Mechanical Eng,1,5.81,36.9,67.9,21,12:30-13:30,4.8,20.3,33.3
STU2027811,Electronics & Comm,3,6.99,46.3,87.3,14,11:30-12:30,6.9,-44.3,54.0
STU2027812,Computer Science,4,9.64,70.6,79.5,19,12:30-13:30,4.5,-2.6,52.5
STU2027813,Information Tech,4,8.58,82.7,75.5,10,12:30-13:30,0.8,23.5,90.2
STU2027814,Electronics & Comm,2,8.35,91.3,79.5,9,12:30-13:30,2.5,-4.2,86.9
STU2027815,Civil Eng,4,7.47,55.8,87.6,13,11:30-12:30,6.4,-4.1,41.7
STU2027816,Computer Science,4,6.41,60.6,71.3,19,11:30-12:30,2.3,-34.5,96.1
STU2027817,Information Tech,1,8.2,59.6,83.4,12,12:30-13:30,4.5,30.1,57.3
STU2027818,Computer Science,1,8.67,86.3,56.4,13,12:30-13:30,0.8,5.0,96.0
STU2027819,Information Tech,4,7.69,71.7,65.4,9,12:30-13:30,1.6,27.6,96.2
STU2027820,Information Tech,1,6.71,41.9,84.2,20,13:30-14:30,7.2,-18.5,62.3
STU2027821,Information Tech,4,6.89,73.6,79.3,11,13:30-14:30,1.8,-39.1,75.0
STU2027822,Computer Science,2,9.6,64.2,65.3,19,13:30-14:30,5.2,-23.7,60.9
STU2027823,Mechanical Eng,2,5.83,35.0,74.9,16,11:30-12:30,3.7,-41.9,30.9
STU2027824,Mechanical Eng,2,6.47,68.9,87.3,22,11:30-12:30,0.5,-5.9,75.5
STU2027825,Electronics & Comm,1,7.02,38.0,94.1,23,13:30-14:30,6.0,-28.6,48.3
STU2027826,Computer Science,4,5.96,36.6,59.8,25,12:30-13:30,3.6,19.1,48.7
STU2027827,Mechanical Eng,4,8.47,57.1,75.2,3,11:30-12:30,5.4,-8.2,33.3
STU2027828,Mechanical Eng,2,7.56,55.8,87.9,21,14:30-15:30,5.4,2.0,60.0
STU2027829,Information Tech,4,9.37,91.5,89.6,5,11:30-12:30,2.4,4.8,97.9
STU2027830,Electronics & Comm,2,8.61,82.6,75.5,6,12:30-13:30,0.5,20.6,75.2
STU2027831,Electronics & Comm,2,8.35,84.1,61.7,8,12:30-13:30,2.3,25.0,78.0
STU2027832,Information Tech,1,5.78,35.0,96.9,23,13:30-14:30,7.2,-41.3,50.2
STU2027833,Computer Science,2,5.66,60.9,63.9,19,12:30-13:30,0.9,0.4,97.2
STU2027834,Civil Eng,4,7.04,46.3,95.0,6,11:30-12:30,5.4,-21.3,33.6
STU2027835,Civil Eng,3,9.31,100.0,72.5,24,11:30-12:30,3.3,-6.0,70.1
STU2027836,Electronics & Comm,4,7.46,47.8,70.3,4,11:30-12:30,6.8,-11.8,33.4
STU2027837,Electronics & Comm,1,7.29,47.2,93.0,21,12:30-13:30,5.3,-3.3,56.0
STU2027838,Electronics & Comm,2,6.01,65.0,88.8,4,13:30-14:30,2.3,-15.1,94.4
STU2027839,Civil Eng,2,6.15,37.1,58.5,3,11:30-12:30,6.6,-28.6,62.9
STU2027840,Information Tech,3,9.67,62.6,73.0,16,13:30-14:30,7.3,-27.7,43.8
STU2027841,Civil Eng,2,5.86,57.0,77.0,10,12:30-13:30,3.3,7.3,80.5
STU2027842,Computer Science,4,9.65,100.0,71.8,20,13:30-14:30,1.9,-25.9,78.9
STU2027843,Computer Science,3,8.28,61.1,71.2,43,11:30-12:30,3.7,-3.8,34.5
STU2027844,Computer Science,3,9.67,63.1,66.0,45,13:30-14:30,6.0,-13.3,53.3
STU2027845,Mechanical Eng,3,8.4,51.5,59.4,25,11:30-12:30,4.1,-21.9,48.0
STU2027846,Information Tech,1,8.68,84.7,95.0,4,13:30-14:30,1.5,-13.1,77.0
STU2027847,Information Tech,4,6.63,62.0,63.6,11,14:30-15:30,2.9,2.2,76.9
STU2027848,Electronics & Comm,3,8.37,91.3,70.7,3,14:30-15:30,2.2,-5.1,77.1
STU2027849,Electronics & Comm,1,5.84,35.0,90.9,25,12:30-13:30,6.4,6.0,48.5
STU2027850,Civil Eng,4,9.44,94.3,79.2,25,12:30-13:30,2.4,27.7,79.6
STU2027851,Mechanical Eng,3,9.57,95.9,70.5,14,13:30-14:30,2.2,-27.5,80.8
STU2027852,Information Tech,4,9.64,90.7,57.7,13,12:30-13:30,2.0,-4.1,78.1
STU2027853,Computer Science,3,9.48,73.7,95.3,39,12:30-13:30,6.9,11.4,40.7
STU2027854,Electronics & Comm,3,8.88,88.7,71.0,9,11:30-12:30,3.2,-47.3,78.8
STU2027855,Mechanical Eng,2,6.53,44.3,88.4,11,11:30-12:30,4.6,-45.2,34.2
STU2027856,Mechanical Eng,2,6.57,42.9,93.6,11,12:30-13:30,7.1,3.8,58.6
STU2027857,Computer Science,4,7.94,46.0,64.5,2,12:30-13:30,5.9,-3.8,37.9
STU2027858,Computer Science,4,9.54,73.8,90.3,19,12:30-13:30,6.9,13.3,35.0
STU2027859,Information Tech,3,6.87,39.2,64.0,43,11:30-12:30,6.2,0.0,53.0
STU2027860,Civil Eng,3,6.65,46.5,84.3,7,11:30-12:30,6.7,-1.9,47.4
STU2027861,Computer Science,4,8.93,63.2,92.6,20,12:30-13:30,6.2,12.6,37.8
STU2027862,Mechanical Eng,4,6.31,66.5,75.1,22,11:30-12:30,1.3,-10.9,96.4
STU2027863,Electronics & Comm,4,9.51,65.6,57.7,3,12:30-13:30,7.0,-3.5,42.9
STU2027864,Electronics & Comm,4,9.18,89.8,62.7,8,12:30-13:30,1.4,-0.1,79.0
STU2027865,Computer Science,3,6.47,43.2,79.7,40,12:30-13:30,6.0,20.7,56.9
STU2027866,Computer Science,4,9.77,100.0,94.1,6,12:30-13:30,1.9,16.2,75.7
STU2027867,Civil Eng,2,9.4,64.8,56.2,9,12:30-13:30,5.0,9.1,50.1
STU2027868,Mechanical Eng,3,9.06,68.8,92.0,24,11:30-12:30,5.3,-7.1,61.8
STU2027869,Civil Eng,2,8.51,65.8,63.2,17,12:30-13:30,4.2,23.3,51.3
STU2027870,Electronics & Comm,3,6.47,73.0,64.7,4,12:30-13:30,3.5,32.2,84.7
STU2027871,Information Tech,4,5.7,37.3,63.1,7,12:30-13:30,4.7,29.0,57.6
STU2027872,Electronics & Comm,4,5.67,55.9,55.6,19,13:30-14:30,1.4,-36.2,81.5
STU2027873,Information Tech,2,8.54,56.7,96.4,39,14:30-15:30,4.0,-34.1,57.8
STU2027874,Mechanical Eng,4,7.56,53.7,68.9,8,14:30-15:30,5.8,4.1,34.6
STU2027875,Electronics & Comm,2,9.59,64.8,94.5,6,12:30-13:30,4.1,9.2,52.2
STU2027876,Information Tech,2,8.58,63.8,83.6,27,14:30-15:30,5.3,-45.0,60.1
STU2027877,Electronics & Comm,3,6.41,35.0,83.2,17,13:30-14:30,6.8,-2.2,38.5
STU2027878,Electronics & Comm,1,9.18,96.9,59.9,9,12:30-13:30,0.9,-4.7,81.5
STU2027879,Mechanical Eng,2,9.18,67.4,95.8,23,11:30-12:30,5.9,-44.2,52.9
STU2027880,Civil Eng,2,7.23,50.2,57.5,17,13:30-14:30,6.0,-13.2,53.2
STU2027881,Civil Eng,1,6.85,46.3,66.9,7,11:30-12:30,3.8,1.6,42.7
STU2027882,Computer Science,3,5.87,64.0,97.0,25,12:30-13:30,2.4,12.6,72.2
STU2027883,Computer Science,1,7.98,54.0,71.2,7,12:30-13:30,7.4,-2.5,50.7
STU2027884,Computer Science,2,5.58,36.9,62.3,30,13:30-14:30,7.3,-42.9,53.3
STU2027885,Computer Science,2,6.82,43.3,95.5,27,14:30-15:30,4.5,-23.5,56.3
STU2027886,Information Tech,4,7.25,51.4,79.4,17,12:30-13:30,4.2,4.5,37.5
STU2027887,Information Tech,2,6.07,35.0,83.0,45,12:30-13:30,5.2,16.7,31.0
STU2027888,Information Tech,4,8.29,79.4,73.1,20,12:30-13:30,2.2,31.9,88.5
STU2027889,Mechanical Eng,2,6.0,39.2,58.9,23,14:30-15:30,5.9,-9.6,41.5
STU2027890,Information Tech,3,6.28,57.6,60.4,39,13:30-14:30,0.8,-29.5,73.5
STU2027891,Civil Eng,3,9.77,70.6,79.2,2,13:30-14:30,3.7,-40.6,62.3
STU2027892,Information Tech,4,7.2,47.4,68.3,20,12:30-13:30,5.2,13.5,45.2
STU2027893,Mechanical Eng,1,7.31,39.6,63.7,12,12:30-13:30,6.7,-3.6,44.9
STU2027894,Civil Eng,2,7.02,40.6,85.1,20,14:30-15:30,3.8,-25.4,31.3
STU2027895,Electronics & Comm,4,7.4,53.2,59.7,9,12:30-13:30,4.9,8.2,52.8
STU2027896,Computer Science,3,8.05,76.3,85.9,28,11:30-12:30,1.8,-12.3,80.1
STU2027897,Civil Eng,3,6.51,66.7,58.4,20,13:30-14:30,2.7,-7.5,78.4
STU2027898,Information Tech,4,7.0,36.9,67.1,11,13:30-14:30,5.1,-8.5,38.7
STU2027899,Mechanical Eng,3,8.88,90.6,89.0,9,12:30-13:30,2.6,25.9,73.5
STU2027900,Electronics & Comm,3,6.69,73.7,74.4,18,12:30-13:30,2.1,26.1,95.5
STU2027901,Information Tech,2,6.13,64.2,57.1,44,12:30-13:30,2.8,4.0,82.2
STU2027902,Information Tech,3,5.93,35.0,61.8,16,12:30-13:30,7.3,23.3,64.9
STU2027903,Computer Science,4,8.78,86.3,75.6,24,12:30-13:30,2.6,27.2,94.7
STU2027904,Mechanical Eng,3,7.53,52.9,80.2,10,11:30-12:30,6.5,-18.0,34.4
STU2027905,Mechanical Eng,4,9.49,62.8,61.4,25,11:30-12:30,4.8,-1.6,49.8
STU2027906,Computer Science,2,8.85,63.2,63.8,37,12:30-13:30,6.5,19.4,41.7
STU2027907,Electronics & Comm,3,8.0,52.7,82.0,4,12:30-13:30,6.4,32.8,63.7
STU2027908,Information Tech,2,9.56,92.6,66.2,27,12:30-13:30,3.0,4.1,78.7
STU2027909,Computer Science,2,9.52,100.0,78.7,28,11:30-12:30,0.8,-39.6,75.9
STU2027910,Electronics & Comm,1,9.19,66.2,63.4,2,12:30-13:30,3.7,7.4,36.4
STU2027911,Civil Eng,4,7.67,45.5,84.8,3,13:30-14:30,6.1,-18.7,43.9
STU2027912,Mechanical Eng,2,7.95,58.2,67.1,4,13:30-14:30,5.8,-13.7,63.6
STU2027913,Civil Eng,4,9.32,90.9,57.8,3,13:30-14:30,2.3,-39.8,98.8
STU2027914,Information Tech,3,9.57,71.7,62.0,20,12:30-13:30,6.2,13.4,51.3
STU2027915,Mechanical Eng,2,6.36,41.9,60.7,6,11:30-12:30,7.5,-30.5,51.8
STU2027916,Information Tech,1,6.43,61.8,92.7,4,12:30-13:30,2.1,25.1,76.4
STU2027917,Computer Science,4,8.87,62.9,70.7,21,13:30-14:30,6.2,-15.7,45.3
STU2027918,Mechanical Eng,2,9.36,87.6,57.4,7,14:30-15:30,2.4,0.2,80.7
STU2027919,Information Tech,3,9.01,97.1,62.3,16,13:30-14:30,0.7,-41.3,77.9
STU2027920,Mechanical Eng,4,5.79,35.0,96.8,4,13:30-14:30,4.6,-23.9,55.9
STU2027921,Electronics & Comm,2,8.35,83.4,60.7,15,13:30-14:30,0.9,0.6,80.8
STU2027922,Mechanical Eng,4,8.64,57.5,96.2,10,12:30-13:30,6.3,12.0,46.7
STU2027923,Information Tech,2,9.48,96.0,57.2,19,14:30-15:30,3.0,-6.2,85.7
STU2027924,Civil Eng,2,6.96,72.2,92.5,20,13:30-14:30,0.9,-6.6,74.5
STU2027925,Mechanical Eng,4,7.2,42.5,78.0,9,11:30-12:30,5.5,-22.3,62.0
STU2027926,Electronics & Comm,4,7.97,59.4,95.4,5,14:30-15:30,6.1,-19.9,33.5
STU2027927,Information Tech,1,6.51,35.0,69.9,23,12:30-13:30,5.3,32.6,44.6
STU2027928,Computer Science,4,9.18,60.2,92.1,21,14:30-15:30,3.9,-40.0,54.3
STU2027929,Computer Science,3,8.49,89.7,62.7,20,12:30-13:30,2.7,2.2,95.7
STU2027930,Civil Eng,4,8.72,67.5,65.7,6,13:30-14:30,4.4,-40.3,36.4
STU2027931,Civil Eng,2,7.12,42.9,68.8,8,13:30-14:30,6.2,0.2,50.7
STU2027932,Computer Science,2,6.37,69.9,67.5,41,12:30-13:30,2.6,16.3,95.4
STU2027933,Information Tech,3,5.55,35.0,75.0,39,12:30-13:30,6.1,15.8,30.4
STU2027934,Mechanical Eng,1,8.13,82.1,92.6,7,12:30-13:30,1.8,11.3,89.8
STU2027935,Electronics & Comm,2,9.57,91.6,80.7,17,14:30-15:30,2.7,-31.1,76.8
STU2027936,Electronics & Comm,2,9.42,93.3,79.4,6,12:30-13:30,0.6,28.2,72.3
STU2027937,Electronics & Comm,1,8.31,59.7,79.6,15,11:30-12:30,7.0,-36.4,35.3
STU2027938,Electronics & Comm,3,6.86,46.5,83.6,6,12:30-13:30,4.6,21.5,38.1
STU2027939,Electronics & Comm,3,8.36,82.0,96.0,18,12:30-13:30,0.8,-3.9,80.9
STU2027940,Information Tech,3,5.92,64.4,63.8,23,11:30-12:30,1.2,-17.6,89.0
STU2027941,Electronics & Comm,2,5.78,65.9,82.6,4,11:30-12:30,1.7,-28.3,74.4
STU2027942,Mechanical Eng,1,8.56,58.3,78.1,11,14:30-15:30,6.6,-0.6,49.0
STU2027943,Computer Science,1,7.78,44.1,66.3,23,13:30-14:30,4.3,-47.9,43.6
STU2027944,Civil Eng,2,7.95,52.7,76.6,12,12:30-13:30,7.0,16.4,45.5
STU2027945,Civil Eng,4,6.71,47.0,92.4,6,12:30-13:30,5.7,3.9,57.1
STU2027946,Electronics & Comm,1,8.13,61.1,85.7,11,11:30-12:30,3.6,-11.4,35.1
STU2027947,Computer Science,3,6.2,60.0,65.9,31,12:30-13:30,2.0,32.6,98.2
STU2027948,Information Tech,1,5.89,35.0,92.1,21,12:30-13:30,3.6,6.4,58.9
STU2027949,Information Tech,1,8.3,76.6,77.1,15,12:30-13:30,1.9,12.3,91.3
STU2027950,Computer Science,2,8.54,81.1,57.7,32,12:30-13:30,2.9,11.2,75.7
STU2027951,Computer Science,1,6.88,37.1,57.0,19,13:30-14:30,6.2,-10.4,39.5
STU2027952,Mechanical Eng,2,9.48,66.6,91.2,3,12:30-13:30,4.8,13.5,53.1
STU2027953,Information Tech,4,6.21,40.6,74.7,8,13:30-14:30,3.6,-1.3,38.5
STU2027954,Information Tech,4,8.39,83.3,93.0,18,13:30-14:30,1.9,-30.2,93.6
STU2027955,Computer Science,4,6.26,70.8,74.6,4,11:30-12:30,2.2,-37.9,86.0
STU2027956,Information Tech,2,6.36,37.3,64.7,22,12:30-13:30,4.8,9.3,33.5
STU2027957,Electronics & Comm,4,8.67,90.6,86.3,24,13:30-14:30,0.9,-47.0,83.8
STU2027958,Civil Eng,4,7.16,70.7,83.0,2,12:30-13:30,3.5,21.0,88.2
STU2027959,Information Tech,1,9.18,86.9,90.0,15,12:30-13:30,2.2,-0.2,72.2
STU2027960,Information Tech,1,7.02,48.0,80.5,13,12:30-13:30,4.6,22.1,48.7
STU2027961,Electronics & Comm,1,9.76,96.2,90.3,14,14:30-15:30,1.6,-19.7,81.3
STU2027962,Electronics & Comm,3,7.97,82.4,59.1,7,12:30-13:30,2.8,9.1,75.9
STU2027963,Electronics & Comm,3,8.39,81.7,82.0,21,11:30-12:30,0.6,-46.8,82.9
STU2027964,Mechanical Eng,4,6.11,59.4,81.5,20,13:30-14:30,3.5,-15.2,98.7
STU2027965,Civil Eng,1,7.92,50.0,78.8,13,12:30-13:30,4.7,23.1,40.7
STU2027966,Information Tech,3,7.24,41.8,58.2,18,13:30-14:30,4.1,-26.2,58.1
STU2027967,Electronics & Comm,3,9.11,60.5,77.3,19,12:30-13:30,4.9,-0.6,37.2
STU2027968,Civil Eng,3,8.84,93.5,77.9,22,11:30-12:30,2.4,-20.7,79.2
STU2027969,Civil Eng,1,6.9,48.1,62.3,16,11:30-12:30,6.3,-45.9,64.5
STU2027970,Civil Eng,3,7.88,76.3,93.8,13,13:30-14:30,0.6,-20.4,85.8
STU2027971,Electronics & Comm,1,7.89,47.9,78.2,11,12:30-13:30,4.4,22.3,60.6
STU2027972,Information Tech,2,8.16,89.9,86.7,28,12:30-13:30,2.3,35.4,94.8
STU2027973,Electronics & Comm,1,6.14,42.6,96.3,23,12:30-13:30,6.0,9.1,62.0
STU2027974,Civil Eng,4,5.94,38.4,93.2,13,14:30-15:30,5.9,-27.5,42.5
STU2027975,Computer Science,3,8.8,55.9,63.2,28,14:30-15:30,3.6,-24.2,48.9
STU2027976,Computer Science,4,9.43,72.2,94.2,3,13:30-14:30,5.1,-46.3,48.6
STU2027977,Electronics & Comm,4,7.1,69.0,84.6,10,14:30-15:30,0.8,-41.0,77.9
STU2027978,Information Tech,1,7.19,79.0,66.8,13,12:30-13:30,2.9,1.8,82.2
STU2027979,Computer Science,4,6.11,64.0,88.5,17,12:30-13:30,1.3,0.6,96.4
STU2027980,Civil Eng,2,6.29,60.2,91.8,22,14:30-15:30,1.4,-13.0,70.2
STU2027981,Civil Eng,1,6.61,43.5,68.2,13,13:30-14:30,6.8,-16.3,40.6
STU2027982,Information Tech,4,6.9,47.2,59.1,4,11:30-12:30,6.3,3.4,38.1
STU2027983,Mechanical Eng,3,8.63,93.1,64.4,25,11:30-12:30,1.7,-34.8,94.0
STU2027984,Electronics & Comm,2,9.57,95.9,95.0,22,14:30-15:30,1.0,-40.4,90.8
STU2027985,Civil Eng,4,6.18,40.0,88.2,12,12:30-13:30,4.3,24.2,49.1
STU2027986,Mechanical Eng,3,6.24,61.3,80.1,12,13:30-14:30,2.6,-42.6,89.8
STU2027987,Computer Science,3,7.6,43.5,81.4,35,12:30-13:30,3.6,-3.1,31.9
STU2027988,Mechanical Eng,1,6.61,65.3,74.5,6,12:30-13:30,2.4,7.2,76.7
STU2027989,Information Tech,3,5.98,37.3,88.9,33,13:30-14:30,3.7,-23.6,42.5
STU2027990,Mechanical Eng,3,9.14,92.2,80.9,8,11:30-12:30,0.8,-41.4,76.7
STU2027991,Electronics & Comm,4,5.86,35.0,88.9,7,14:30-15:30,5.3,-25.4,38.4
STU2027992,Computer Science,4,7.68,52.7,93.3,19,11:30-12:30,6.2,-22.8,49.5
STU2027993,Computer Science,3,9.06,86.5,73.7,24,12:30-13:30,2.7,11.8,71.8
STU2027994,Electronics & Comm,3,8.63,65.5,75.8,5,12:30-13:30,6.1,9.6,47.9
STU2027995,Civil Eng,2,6.76,42.6,92.4,7,12:30-13:30,4.0,19.3,55.7
STU2027996,Civil Eng,1,9.74,68.5,64.7,14,12:30-13:30,6.2,20.8,34.8
STU2027997,Civil Eng,3,9.68,65.1,69.7,5,12:30-13:30,4.8,-3.0,50.1
STU2027998,Information Tech,3,7.56,42.9,79.8,20,13:30-14:30,4.2,-43.0,38.2
STU2027999,Computer Science,4,8.35,82.7,67.5,18,13:30-14:30,2.5,-6.8,88.9
STU2028000,Mechanical Eng,4,8.01,48.7,73.8,12,13:30-14:30,4.4,-14.3,60.7
